"canonicalId","category","family","model","currentUrls","primary","secondary","longTail","buyerIntent"
"cp-001-magnetic-separators-rcyd","magnetic-separators","Automatic-Discharge Permanent Magnetic Separator","RCYD","https://cowinmachine.com/products/magnetic-separators/mag-rcyd-001","magnetic separator | permanent magnetic separator | magnetic pulley | magnetic roller","magnetic pulley | magnetic roller | magnetic filter | magnetic grid | magnetic rod | magnetic trap | electromagnetic separator | suspended magnetic separator | self-cleaning magnetic separator | self-unloading magnetic separator","rcyd magnetic separator | rcyd specifications | rcyd automatic-discharge permanent magnetic separator for industrial projects","tramp iron removal | mineral processing magnetic separation | recycling sorting equipment"
"cp-002-magnetic-separators-rcdd","magnetic-separators","Electromagnetic Magnetic Separator","RCDD","https://cowinmachine.com/products/magnetic-separators/mag-rcdd-002","magnetic separator | permanent magnetic separator | electromagnetic separator | magnetic pulley","electromagnetic separator | magnetic pulley | magnetic roller | magnetic filter | magnetic grid | magnetic rod | magnetic trap | suspended magnetic separator | self-cleaning magnetic separator | self-unloading magnetic separator","rcdd magnetic separator | rcdd specifications | rcdd electromagnetic magnetic separator for industrial projects","tramp iron removal | mineral processing magnetic separation | recycling sorting equipment"
"cp-003-magnetic-separators-rcyb","magnetic-separators","Permanent Magnetic Separator","RCYB","https://cowinmachine.com/products/magnetic-separators/mag-rcyb-003","magnetic separator | permanent magnetic separator | magnetic pulley | magnetic roller","magnetic pulley | magnetic roller | magnetic filter | magnetic grid | magnetic rod | magnetic trap | electromagnetic separator | suspended magnetic separator | self-cleaning magnetic separator | self-unloading magnetic separator","rcyb magnetic separator | rcyb specifications | rcyb permanent magnetic separator for industrial projects","tramp iron removal | mineral processing magnetic separation | recycling sorting equipment"
"cp-004-magnetic-separators-rcdb","magnetic-separators","Electromagnetic Magnetic Separator","RCDB","https://cowinmachine.com/products/magnetic-separators/mag-rcdb-004","magnetic separator | permanent magnetic separator | electromagnetic separator | magnetic pulley","electromagnetic separator | magnetic pulley | magnetic roller | magnetic filter | magnetic grid | magnetic rod | magnetic trap | suspended magnetic separator | self-cleaning magnetic separator | self-unloading magnetic separator","rcdb magnetic separator | rcdb specifications | rcdb electromagnetic magnetic separator for industrial projects","tramp iron removal | mineral processing magnetic separation | recycling sorting equipment"
"cp-005-magnetic-separators-magnetic-separator","magnetic-separators","Magnetic Separator","","https://cowinmachine.com/products/magnetic-separators/mag-series-005-005 | https://cowinmachine.com/products/magnetic-separators/mag-series-006-006 | https://cowinmachine.com/products/magnetic-separators/mag-series-009-009 | https://cowinmachine.com/products/magnetic-separators/mag-series-010-010 | https://cowinmachine.com/products/magnetic-separators/mag-series-011-011 | https://cowinmachine.com/products/magnetic-separators/mag-series-016-016 | https://cowinmachine.com/products/magnetic-separators/mag-series-033-033 | https://cowinmachine.com/products/magnetic-separators/mag-series-040-040 | https://cowinmachine.com/products/magnetic-separators/mag-series-045-045 | https://cowinmachine.com/products/magnetic-separators/mag-series-047-047 | https://cowinmachine.com/products/magnetic-separators/mag-series-048-048 | https://cowinmachine.com/products/magnetic-separators/mag-series-049-049 | https://cowinmachine.com/products/magnetic-separators/mag-series-050-050 | https://cowinmachine.com/products/magnetic-separators/mag-series-051-051 | https://cowinmachine.com/products/magnetic-separators/mag-series-052-052 | https://cowinmachine.com/products/magnetic-separators/mag-series-061-061 | https://cowinmachine.com/products/magnetic-separators/mag-series-062-062 | https://cowinmachine.com/products/magnetic-separators/mag-series-064-064 | https://cowinmachine.com/products/magnetic-separators/mag-series-065-065 | https://cowinmachine.com/products/magnetic-separators/mag-series-070-070 | https://cowinmachine.com/products/magnetic-separators/mag-series-074-074 | https://cowinmachine.com/products/magnetic-separators/mag-series-075-075 | https://cowinmachine.com/products/magnetic-separators/mag-series-076-076 | https://cowinmachine.com/products/magnetic-separators/mag-series-077-077 | https://cowinmachine.com/products/magnetic-separators/mag-series-078-078 | https://cowinmachine.com/products/magnetic-separators/mag-series-079-079 | https://cowinmachine.com/products/magnetic-separators/mag-series-081-081 | https://cowinmachine.com/products/magnetic-separators/mag-series-082-082","magnetic separator | permanent magnetic separator | magnetic pulley | magnetic roller","magnetic pulley | magnetic roller | magnetic filter | magnetic grid | magnetic rod | magnetic trap | electromagnetic separator | suspended magnetic separator | self-cleaning magnetic separator | self-unloading magnetic separator","magnetic separator for industrial projects","tramp iron removal | mineral processing magnetic separation | recycling sorting equipment"
"cp-006-magnetic-separators-dry-drum-magnetic-separator","magnetic-separators","Dry Drum Magnetic Separator","","https://cowinmachine.com/products/magnetic-separators/mag-series-007-007","magnetic separator | permanent magnetic separator | dry drum magnetic separator | dry magnetic separator","dry drum magnetic separator | dry magnetic separator | magnetic pulley | magnetic roller | magnetic filter | magnetic grid | magnetic rod | magnetic trap | electromagnetic separator | suspended magnetic separator | self-cleaning magnetic separator | self-unloading magnetic separator","dry drum magnetic separator for industrial projects","tramp iron removal | mineral processing magnetic separation | recycling sorting equipment"
"cp-007-magnetic-separators-wet-drum-magnetic-separator","magnetic-separators","Wet Drum Magnetic Separator","","https://cowinmachine.com/products/magnetic-separators/mag-series-008-008","magnetic separator | permanent magnetic separator | wet drum magnetic separator | wet magnetic separator","wet drum magnetic separator | wet magnetic separator | magnetic pulley | magnetic roller | magnetic filter | magnetic grid | magnetic rod | magnetic trap | electromagnetic separator | suspended magnetic separator | self-cleaning magnetic separator | self-unloading magnetic separator","wet drum magnetic separator for industrial projects","tramp iron removal | mineral processing magnetic separation | recycling sorting equipment"
"cp-008-magnetic-separators-wet-magnetic-separator","magnetic-separators","Wet Magnetic Separator","","https://cowinmachine.com/products/magnetic-separators/mag-series-012-012 | https://cowinmachine.com/products/magnetic-separators/mag-series-013-013 | https://cowinmachine.com/products/magnetic-separators/mag-series-034-034 | https://cowinmachine.com/products/magnetic-separators/mag-series-035-035 | https://cowinmachine.com/products/magnetic-separators/mag-series-038-038 | https://cowinmachine.com/products/magnetic-separators/mag-series-039-039 | https://cowinmachine.com/products/magnetic-separators/mag-series-041-041 | https://cowinmachine.com/products/magnetic-separators/mag-series-043-043 | https://cowinmachine.com/products/magnetic-separators/mag-series-044-044 | https://cowinmachine.com/products/magnetic-separators/mag-series-066-066 | https://cowinmachine.com/products/magnetic-separators/mag-series-068-068","magnetic separator | permanent magnetic separator | wet drum magnetic separator | wet magnetic separator","wet drum magnetic separator | wet magnetic separator | magnetic pulley | magnetic roller | magnetic filter | magnetic grid | magnetic rod | magnetic trap | electromagnetic separator | suspended magnetic separator | self-cleaning magnetic separator | self-unloading magnetic separator","wet magnetic separator for industrial projects","tramp iron removal | mineral processing magnetic separation | recycling sorting equipment"
"cp-009-magnetic-separators-drum-magnetic-separator","magnetic-separators","Drum Magnetic Separator","","https://cowinmachine.com/products/magnetic-separators/mag-series-014-014 | https://cowinmachine.com/products/magnetic-separators/mag-series-017-017 | https://cowinmachine.com/products/magnetic-separators/mag-series-018-018 | https://cowinmachine.com/products/magnetic-separators/mag-series-025-025 | https://cowinmachine.com/products/magnetic-separators/mag-series-059-059","magnetic separator | permanent magnetic separator | magnetic pulley | magnetic roller","magnetic pulley | magnetic roller | magnetic filter | magnetic grid | magnetic rod | magnetic trap | electromagnetic separator | suspended magnetic separator | self-cleaning magnetic separator | self-unloading magnetic separator","drum magnetic separator for industrial projects","tramp iron removal | mineral processing magnetic separation | recycling sorting equipment"
"cp-010-magnetic-separators-dry-magnetic-separator","magnetic-separators","Dry Magnetic Separator","","https://cowinmachine.com/products/magnetic-separators/mag-series-015-015 | https://cowinmachine.com/products/magnetic-separators/mag-series-036-036 | https://cowinmachine.com/products/magnetic-separators/mag-series-046-046","magnetic separator | permanent magnetic separator | dry drum magnetic separator | dry magnetic separator","dry drum magnetic separator | dry magnetic separator | magnetic pulley | magnetic roller | magnetic filter | magnetic grid | magnetic rod | magnetic trap | electromagnetic separator | suspended magnetic separator | self-cleaning magnetic separator | self-unloading magnetic separator","dry magnetic separator for industrial projects","tramp iron removal | mineral processing magnetic separation | recycling sorting equipment"
"cp-011-magnetic-separators-rcda","magnetic-separators","Electromagnetic Magnetic Separator","RCDA","https://cowinmachine.com/products/magnetic-separators/mag-rcda-019","magnetic separator | permanent magnetic separator | electromagnetic separator | magnetic pulley","electromagnetic separator | magnetic pulley | magnetic roller | magnetic filter | magnetic grid | magnetic rod | magnetic trap | suspended magnetic separator | self-cleaning magnetic separator | self-unloading magnetic separator","rcda magnetic separator | rcda specifications | rcda electromagnetic magnetic separator for industrial projects","tramp iron removal | mineral processing magnetic separation | recycling sorting equipment"
"cp-012-magnetic-separators-rcdc","magnetic-separators","Automatic-Discharge Electromagnetic Magnetic Separator","RCDC","https://cowinmachine.com/products/magnetic-separators/mag-rcdc-020","magnetic separator | permanent magnetic separator | electromagnetic separator | magnetic pulley","electromagnetic separator | magnetic pulley | magnetic roller | magnetic filter | magnetic grid | magnetic rod | magnetic trap | suspended magnetic separator | self-cleaning magnetic separator | self-unloading magnetic separator","rcdc magnetic separator | rcdc specifications | rcdc automatic-discharge electromagnetic magnetic separator for industrial projects","tramp iron removal | mineral processing magnetic separation | recycling sorting equipment"
"cp-013-magnetic-separators-rcde","magnetic-separators","Electromagnetic Magnetic Separator","RCDE","https://cowinmachine.com/products/magnetic-separators/mag-rcde-021","magnetic separator | permanent magnetic separator | electromagnetic separator | magnetic pulley","electromagnetic separator | magnetic pulley | magnetic roller | magnetic filter | magnetic grid | magnetic rod | magnetic trap | suspended magnetic separator | self-cleaning magnetic separator | self-unloading magnetic separator","rcde magnetic separator | rcde specifications | rcde electromagnetic magnetic separator for industrial projects","tramp iron removal | mineral processing magnetic separation | recycling sorting equipment"
"cp-014-magnetic-separators-rcdf","magnetic-separators","Automatic-Discharge Electromagnetic Magnetic Separator","RCDF","https://cowinmachine.com/products/magnetic-separators/mag-rcdf-022","magnetic separator | permanent magnetic separator | electromagnetic separator | magnetic pulley","electromagnetic separator | magnetic pulley | magnetic roller | magnetic filter | magnetic grid | magnetic rod | magnetic trap | suspended magnetic separator | self-cleaning magnetic separator | self-unloading magnetic separator","rcdf magnetic separator | rcdf specifications | rcdf automatic-discharge electromagnetic magnetic separator for industrial projects","tramp iron removal | mineral processing magnetic separation | recycling sorting equipment"
"cp-015-magnetic-separators-rcdfj","magnetic-separators","Automatic-Discharge Electromagnetic Magnetic Separator","RCDFJ","https://cowinmachine.com/products/magnetic-separators/mag-rcdfj-023","magnetic separator | permanent magnetic separator | electromagnetic separator | magnetic pulley","electromagnetic separator | magnetic pulley | magnetic roller | magnetic filter | magnetic grid | magnetic rod | magnetic trap | suspended magnetic separator | self-cleaning magnetic separator | self-unloading magnetic separator","rcdfj magnetic separator | rcdfj specifications | rcdfj automatic-discharge electromagnetic magnetic separator for industrial projects","tramp iron removal | mineral processing magnetic separation | recycling sorting equipment"
"cp-016-magnetic-separators-rcps","magnetic-separators","Automatic-Discharge Permanent Magnetic Separator","RCPS","https://cowinmachine.com/products/magnetic-separators/mag-rcps-024","magnetic separator | permanent magnetic separator | magnetic pulley | magnetic roller","magnetic pulley | magnetic roller | magnetic filter | magnetic grid | magnetic rod | magnetic trap | electromagnetic separator | suspended magnetic separator | self-cleaning magnetic separator | self-unloading magnetic separator","rcps magnetic separator | rcps specifications | rcps automatic-discharge permanent magnetic separator for industrial projects","tramp iron removal | mineral processing magnetic separation | recycling sorting equipment"
"cp-017-magnetic-separators-rcya","magnetic-separators","Permanent Magnetic Separator","RCYA","https://cowinmachine.com/products/magnetic-separators/mag-rcya-026","magnetic separator | permanent magnetic separator | magnetic pulley | magnetic roller","magnetic pulley | magnetic roller | magnetic filter | magnetic grid | magnetic rod | magnetic trap | electromagnetic separator | suspended magnetic separator | self-cleaning magnetic separator | self-unloading magnetic separator","rcya magnetic separator | rcya specifications | rcya permanent magnetic separator for industrial projects","tramp iron removal | mineral processing magnetic separation | recycling sorting equipment"
"cp-018-magnetic-separators-rcydii","magnetic-separators","Automatic-Discharge Permanent Magnetic Separator","RCYDII","https://cowinmachine.com/products/magnetic-separators/mag-rcydii-027","magnetic separator | permanent magnetic separator | magnetic pulley | magnetic roller","magnetic pulley | magnetic roller | magnetic filter | magnetic grid | magnetic rod | magnetic trap | electromagnetic separator | suspended magnetic separator | self-cleaning magnetic separator | self-unloading magnetic separator","rcydii magnetic separator | rcydii specifications | rcydii automatic-discharge permanent magnetic separator for industrial projects","tramp iron removal | mineral processing magnetic separation | recycling sorting equipment"
"cp-019-magnetic-separators-rcye","magnetic-separators","Automatic-Discharge Permanent Magnetic Separator","RCYE","https://cowinmachine.com/products/magnetic-separators/mag-rcye-028","magnetic separator | permanent magnetic separator | magnetic pulley | magnetic roller","magnetic pulley | magnetic roller | magnetic filter | magnetic grid | magnetic rod | magnetic trap | electromagnetic separator | suspended magnetic separator | self-cleaning magnetic separator | self-unloading magnetic separator","rcye magnetic separator | rcye specifications | rcye automatic-discharge permanent magnetic separator for industrial projects","tramp iron removal | mineral processing magnetic separation | recycling sorting equipment"
"cp-020-magnetic-separators-rcyf","magnetic-separators","Permanent Magnetic Separator","RCYF","https://cowinmachine.com/products/magnetic-separators/mag-rcyf-029","magnetic separator | permanent magnetic separator | magnetic pulley | magnetic roller","magnetic pulley | magnetic roller | magnetic filter | magnetic grid | magnetic rod | magnetic trap | electromagnetic separator | suspended magnetic separator | self-cleaning magnetic separator | self-unloading magnetic separator","rcyf magnetic separator | rcyf specifications | rcyf permanent magnetic separator for industrial projects","tramp iron removal | mineral processing magnetic separation | recycling sorting equipment"
"cp-021-magnetic-separators-rcyg","magnetic-separators","Automatic-Discharge Permanent Magnetic Separator","RCYG","https://cowinmachine.com/products/magnetic-separators/mag-rcyg-030","magnetic separator | permanent magnetic separator | magnetic pulley | magnetic roller","magnetic pulley | magnetic roller | magnetic filter | magnetic grid | magnetic rod | magnetic trap | electromagnetic separator | suspended magnetic separator | self-cleaning magnetic separator | self-unloading magnetic separator","rcyg magnetic separator | rcyg specifications | rcyg automatic-discharge permanent magnetic separator for industrial projects","tramp iron removal | mineral processing magnetic separation | recycling sorting equipment"
"cp-022-magnetic-separators-rcyp","magnetic-separators","Automatic-Discharge Manual-Clean Permanent Magnetic Separator","RCYP","https://cowinmachine.com/products/magnetic-separators/mag-rcyp-031","magnetic separator | permanent magnetic separator | magnetic pulley | magnetic roller","magnetic pulley | magnetic roller | magnetic filter | magnetic grid | magnetic rod | magnetic trap | electromagnetic separator | suspended magnetic separator | self-cleaning magnetic separator | self-unloading magnetic separator","rcyp magnetic separator | rcyp specifications | rcyp automatic-discharge manual-clean permanent magnetic separator for industrial projects","tramp iron removal | mineral processing magnetic separation | recycling sorting equipment"
"cp-023-magnetic-separators-rcyz","magnetic-separators","Permanent Magnetic Separator","RCYZ","https://cowinmachine.com/products/magnetic-separators/mag-rcyz-032 | https://cowinmachine.com/products/magnetic-separators/mag-rcyz-069","magnetic separator | permanent magnetic separator | magnetic pulley | magnetic roller","magnetic pulley | magnetic roller | magnetic filter | magnetic grid | magnetic rod | magnetic trap | electromagnetic separator | suspended magnetic separator | self-cleaning magnetic separator | self-unloading magnetic separator","rcyz magnetic separator | rcyz specifications | rcyz permanent magnetic separator for industrial projects","tramp iron removal | mineral processing magnetic separation | recycling sorting equipment"
"cp-024-magnetic-separators-wet-plate-magnetic-separator","magnetic-separators","Wet Plate Magnetic Separator","","https://cowinmachine.com/products/magnetic-separators/mag-series-037-037","magnetic separator | permanent magnetic separator | wet drum magnetic separator | wet magnetic separator","wet drum magnetic separator | wet magnetic separator | magnetic pulley | magnetic roller | magnetic filter | magnetic grid | magnetic rod | magnetic trap | electromagnetic separator | suspended magnetic separator | self-cleaning magnetic separator | self-unloading magnetic separator","wet plate magnetic separator for industrial projects","tramp iron removal | mineral processing magnetic separation | recycling sorting equipment"
"cp-025-magnetic-separators-permanent-dry-magnetic-separator","magnetic-separators","Permanent Dry Magnetic Separator","","https://cowinmachine.com/products/magnetic-separators/mag-series-042-042","magnetic separator | permanent magnetic separator | dry drum magnetic separator | dry magnetic separator","dry drum magnetic separator | dry magnetic separator | magnetic pulley | magnetic roller | magnetic filter | magnetic grid | magnetic rod | magnetic trap | electromagnetic separator | suspended magnetic separator | self-cleaning magnetic separator | self-unloading magnetic separator","permanent dry magnetic separator for industrial projects","tramp iron removal | mineral processing magnetic separation | recycling sorting equipment"
"cp-026-magnetic-separators-permanent-suspended-magnetic-separator","magnetic-separators","Permanent Suspended Magnetic Separator","","https://cowinmachine.com/products/magnetic-separators/mag-series-053-053","magnetic separator | permanent magnetic separator | suspended magnetic separator | magnetic pulley","suspended magnetic separator | magnetic pulley | magnetic roller | magnetic filter | magnetic grid | magnetic rod | magnetic trap | electromagnetic separator | self-cleaning magnetic separator | self-unloading magnetic separator","permanent suspended magnetic separator for industrial projects","tramp iron removal | mineral processing magnetic separation | recycling sorting equipment"
"cp-027-magnetic-separators-electromagnetic-suspended-magnetic-separator","magnetic-separators","Electromagnetic Suspended Magnetic Separator","","https://cowinmachine.com/products/magnetic-separators/mag-series-054-054","magnetic separator | permanent magnetic separator | electromagnetic separator | suspended magnetic separator","electromagnetic separator | suspended magnetic separator | magnetic pulley | magnetic roller | magnetic filter | magnetic grid | magnetic rod | magnetic trap | self-cleaning magnetic separator | self-unloading magnetic separator","electromagnetic suspended magnetic separator for industrial projects","tramp iron removal | mineral processing magnetic separation | recycling sorting equipment"
"cp-028-magnetic-separators-metal-detection-magnetic-separator","magnetic-separators","Metal-Detection Magnetic Separator","","https://cowinmachine.com/products/magnetic-separators/mag-series-055-055 | https://cowinmachine.com/products/magnetic-separators/mag-series-056-056","magnetic separator | permanent magnetic separator | magnetic pulley | magnetic roller","magnetic pulley | magnetic roller | metal detector | magnetic filter | magnetic grid | magnetic rod | magnetic trap | electromagnetic separator | suspended magnetic separator | self-cleaning magnetic separator | self-unloading magnetic separator","metal-detection magnetic separator for industrial projects","tramp iron removal | mineral processing magnetic separation | recycling sorting equipment"
"cp-029-magnetic-separators-eddy-current-magnetic-separator","magnetic-separators","Eddy-Current Magnetic Separator","","https://cowinmachine.com/products/magnetic-separators/mag-series-057-057 | https://cowinmachine.com/products/magnetic-separators/mag-series-058-058 | https://cowinmachine.com/products/magnetic-separators/mag-series-060-060","magnetic separator | permanent magnetic separator | magnetic pulley | magnetic roller","magnetic pulley | magnetic roller | eddy current separator | magnetic filter | magnetic grid | magnetic rod | magnetic trap | electromagnetic separator | suspended magnetic separator | self-cleaning magnetic separator | self-unloading magnetic separator","eddy-current magnetic separator for industrial projects","tramp iron removal | mineral processing magnetic separation | recycling sorting equipment"
"cp-030-magnetic-separators-permanent-overband-magnetic-separator","magnetic-separators","Permanent Overband Magnetic Separator","","https://cowinmachine.com/products/magnetic-separators/mag-series-063-063","magnetic separator | permanent magnetic separator | overband magnetic separator | magnetic pulley","overband magnetic separator | magnetic pulley | magnetic roller | magnetic filter | magnetic grid | magnetic rod | magnetic trap | electromagnetic separator | suspended magnetic separator | self-cleaning magnetic separator | self-unloading magnetic separator","permanent overband magnetic separator for industrial projects","tramp iron removal | mineral processing magnetic separation | recycling sorting equipment"
"cp-031-magnetic-separators-roller-magnetic-separator","magnetic-separators","Roller Magnetic Separator","","https://cowinmachine.com/products/magnetic-separators/mag-series-067-067 | https://cowinmachine.com/products/magnetic-separators/mag-series-071-071 | https://cowinmachine.com/products/magnetic-separators/mag-series-072-072","magnetic separator | permanent magnetic separator | magnetic pulley | magnetic roller","magnetic pulley | magnetic roller | magnetic filter | magnetic grid | magnetic rod | magnetic trap | electromagnetic separator | suspended magnetic separator | self-cleaning magnetic separator | self-unloading magnetic separator","roller magnetic separator for industrial projects","tramp iron removal | mineral processing magnetic separation | recycling sorting equipment"
"cp-032-magnetic-separators-wet-roller-magnetic-separator","magnetic-separators","Wet Roller Magnetic Separator","","https://cowinmachine.com/products/magnetic-separators/mag-series-073-073","magnetic separator | permanent magnetic separator | wet drum magnetic separator | wet magnetic separator","wet drum magnetic separator | wet magnetic separator | magnetic pulley | magnetic roller | magnetic filter | magnetic grid | magnetic rod | magnetic trap | electromagnetic separator | suspended magnetic separator | self-cleaning magnetic separator | self-unloading magnetic separator","wet roller magnetic separator for industrial projects","tramp iron removal | mineral processing magnetic separation | recycling sorting equipment"
"cp-033-magnetic-separators-permanent-magnetic-separator","magnetic-separators","Permanent Magnetic Separator","","https://cowinmachine.com/products/magnetic-separators/mag-series-080-080 | https://cowinmachine.com/products/magnetic-separators/mag-series-084-084","magnetic separator | permanent magnetic separator | magnetic pulley | magnetic roller","magnetic pulley | magnetic roller | magnetic filter | magnetic grid | magnetic rod | magnetic trap | electromagnetic separator | suspended magnetic separator | self-cleaning magnetic separator | self-unloading magnetic separator","permanent magnetic separator for industrial projects","tramp iron removal | mineral processing magnetic separation | recycling sorting equipment"
"cp-034-magnetic-separators-electromagnetic-magnetic-separator","magnetic-separators","Electromagnetic Magnetic Separator","","https://cowinmachine.com/products/magnetic-separators/mag-series-083-083 | https://cowinmachine.com/products/magnetic-separators/mag-series-085-085 | https://cowinmachine.com/products/magnetic-separators/mag-series-088-088","magnetic separator | permanent magnetic separator | electromagnetic separator | magnetic pulley","electromagnetic separator | magnetic pulley | magnetic roller | magnetic filter | magnetic grid | magnetic rod | magnetic trap | suspended magnetic separator | self-cleaning magnetic separator | self-unloading magnetic separator","electromagnetic magnetic separator for industrial projects","tramp iron removal | mineral processing magnetic separation | recycling sorting equipment"
"cp-035-magnetic-separators-automatic-discharge-electromagnetic-magnetic-separat","magnetic-separators","Automatic-Discharge Electromagnetic Magnetic Separator","","https://cowinmachine.com/products/magnetic-separators/mag-series-086-086","magnetic separator | permanent magnetic separator | electromagnetic separator | magnetic pulley","electromagnetic separator | magnetic pulley | magnetic roller | magnetic filter | magnetic grid | magnetic rod | magnetic trap | suspended magnetic separator | self-cleaning magnetic separator | self-unloading magnetic separator","automatic-discharge electromagnetic magnetic separator for industrial projects","tramp iron removal | mineral processing magnetic separation | recycling sorting equipment"
"cp-036-magnetic-separators-automatic-discharge-permanent-magnetic-separator","magnetic-separators","Automatic-Discharge Permanent Magnetic Separator","","https://cowinmachine.com/products/magnetic-separators/mag-series-087-087","magnetic separator | permanent magnetic separator | magnetic pulley | magnetic roller","magnetic pulley | magnetic roller | magnetic filter | magnetic grid | magnetic rod | magnetic trap | electromagnetic separator | suspended magnetic separator | self-cleaning magnetic separator | self-unloading magnetic separator","automatic-discharge permanent magnetic separator for industrial projects","tramp iron removal | mineral processing magnetic separation | recycling sorting equipment"
"cp-037-mobile-lighting-systems-tower-ust300l-solar-mobile-light-tower","mobile-lighting-systems","TOWER-UST300L Solar Mobile Light Tower","","https://cowinmachine.com/products/mobile-lighting-systems/tower-tower-ust300l-089","solar mobile light tower | mobile lighting tower | solar light tower | solar surveillance tower","solar light tower | solar surveillance tower | solar CCTV trailer | diesel light tower | hybrid light tower | battery mobile light tower","tower-ust300l solar mobile light tower for industrial projects","mast height | lighting output | battery runtime"
"cp-038-mobile-lighting-systems-ust600l","mobile-lighting-systems","Solar Mobile Light Tower","UST600L","https://cowinmachine.com/products/mobile-lighting-systems/tower-ust600l-090","solar mobile light tower | mobile lighting tower | solar light tower | solar surveillance tower","solar light tower | solar surveillance tower | solar CCTV trailer | diesel light tower | hybrid light tower | battery mobile light tower","ust600l solar mobile light tower | ust600l specifications | ust600l solar mobile light tower for industrial projects","mast height | lighting output | battery runtime"
"cp-039-mobile-lighting-systems-site-ust900l-solar-mobile-light-tower","mobile-lighting-systems","SITE-UST900L Solar Mobile Light Tower","","https://cowinmachine.com/products/mobile-lighting-systems/tower-site-ust900l-091","solar mobile light tower | mobile lighting tower | solar light tower | solar surveillance tower","solar light tower | solar surveillance tower | solar CCTV trailer | diesel light tower | hybrid light tower | battery mobile light tower","site-ust900l solar mobile light tower for industrial projects","mast height | lighting output | battery runtime"
"cp-040-mobile-lighting-systems-tower-ust1200l-solar-mobile-light-tower","mobile-lighting-systems","TOWER-UST1200L Solar Mobile Light Tower","","https://cowinmachine.com/products/mobile-lighting-systems/tower-tower-ust1200l-092","solar mobile light tower | mobile lighting tower | solar light tower | solar surveillance tower","solar light tower | solar surveillance tower | solar CCTV trailer | diesel light tower | hybrid light tower | battery mobile light tower","tower-ust1200l solar mobile light tower for industrial projects","mast height | lighting output | battery runtime"
"cp-041-mobile-lighting-systems-tower-ust1800l-solar-mobile-light-tower","mobile-lighting-systems","TOWER-UST1800L Solar Mobile Light Tower","","https://cowinmachine.com/products/mobile-lighting-systems/tower-tower-ust1800l-093","solar mobile light tower | mobile lighting tower | solar light tower | solar surveillance tower","solar light tower | solar surveillance tower | solar CCTV trailer | diesel light tower | hybrid light tower | battery mobile light tower","tower-ust1800l solar mobile light tower for industrial projects","mast height | lighting output | battery runtime"
"cp-042-mobile-lighting-systems-tower-ust2400l-solar-mobile-light-tower","mobile-lighting-systems","TOWER-UST2400L Solar Mobile Light Tower","","https://cowinmachine.com/products/mobile-lighting-systems/tower-tower-ust2400l-094","solar mobile light tower | mobile lighting tower | solar light tower | solar surveillance tower","solar light tower | solar surveillance tower | solar CCTV trailer | diesel light tower | hybrid light tower | battery mobile light tower","tower-ust2400l solar mobile light tower for industrial projects","mast height | lighting output | battery runtime"
"cp-043-mobile-lighting-systems-solar-mobile-light-tower","mobile-lighting-systems","Solar Mobile Light Tower","","https://cowinmachine.com/products/mobile-lighting-systems/tower-series-095-095","solar mobile light tower | mobile lighting tower | solar light tower | solar surveillance tower","solar light tower | solar surveillance tower | solar CCTV trailer | diesel light tower | hybrid light tower | battery mobile light tower","solar mobile light tower for industrial projects","mast height | lighting output | battery runtime"
"cp-044-mobile-lighting-systems-ust-300s","mobile-lighting-systems","Solar Surveillance Mobile Light Tower","UST-300S","https://cowinmachine.com/products/mobile-lighting-systems/tower-ust-300s-096 | https://cowinmachine.com/products/mobile-lighting-systems/tower-ust-300s-111","solar mobile light tower | mobile lighting tower | solar light tower | solar surveillance tower","solar light tower | solar surveillance tower | solar CCTV trailer | diesel light tower | hybrid light tower | battery mobile light tower","ust-300s solar mobile light tower | ust-300s specifications | ust-300s solar surveillance mobile light tower for industrial projects","mast height | lighting output | battery runtime"
"cp-045-mobile-lighting-systems-ust-600s","mobile-lighting-systems","Solar Surveillance Mobile Light Tower","UST-600S","https://cowinmachine.com/products/mobile-lighting-systems/tower-ust-600s-097 | https://cowinmachine.com/products/mobile-lighting-systems/tower-ust-600s-105","solar mobile light tower | mobile lighting tower | solar light tower | solar surveillance tower","solar light tower | solar surveillance tower | solar CCTV trailer | diesel light tower | hybrid light tower | battery mobile light tower","ust-600s solar mobile light tower | ust-600s specifications | ust-600s solar surveillance mobile light tower for industrial projects","mast height | lighting output | battery runtime"
"cp-046-mobile-lighting-systems-ust-900s","mobile-lighting-systems","Solar Surveillance Mobile Light Tower","UST-900S","https://cowinmachine.com/products/mobile-lighting-systems/tower-ust-900s-098 | https://cowinmachine.com/products/mobile-lighting-systems/tower-ust-900s-118 | https://cowinmachine.com/products/mobile-lighting-systems/tower-ust-900s-119 | https://cowinmachine.com/products/mobile-lighting-systems/tower-ust-900s-201","solar mobile light tower | mobile lighting tower | solar light tower | solar surveillance tower","solar light tower | solar surveillance tower | solar CCTV trailer | diesel light tower | hybrid light tower | battery mobile light tower","ust-900s solar mobile light tower | ust-900s specifications | ust-900s solar surveillance mobile light tower for industrial projects","mast height | lighting output | battery runtime"
"cp-047-mobile-lighting-systems-ust1200","mobile-lighting-systems","Solar Surveillance Mobile Light Tower","UST1200","https://cowinmachine.com/products/mobile-lighting-systems/tower-ust1200-099","solar mobile light tower | mobile lighting tower | solar light tower | solar surveillance tower","solar light tower | solar surveillance tower | solar CCTV trailer | diesel light tower | hybrid light tower | battery mobile light tower","ust1200 solar mobile light tower | ust1200 specifications | ust1200 solar surveillance mobile light tower for industrial projects","mast height | lighting output | battery runtime"
"cp-048-mobile-lighting-systems-block-ubt300s-solar-surveillance-mobile-light-to","mobile-lighting-systems","BLOCK-UBT300S Solar Surveillance Mobile Light Tower","","https://cowinmachine.com/products/mobile-lighting-systems/tower-block-ubt300s-100","solar mobile light tower | mobile lighting tower | solar light tower | solar surveillance tower","solar light tower | solar surveillance tower | solar CCTV trailer | diesel light tower | hybrid light tower | battery mobile light tower","block-ubt300s solar surveillance mobile light tower for industrial projects","mast height | lighting output | battery runtime"
"cp-049-mobile-lighting-systems-solar-surveillance-mobile-light-tower","mobile-lighting-systems","Solar Surveillance Mobile Light Tower","","https://cowinmachine.com/products/mobile-lighting-systems/tower-series-101-101","solar mobile light tower | mobile lighting tower | solar light tower | solar surveillance tower","solar light tower | solar surveillance tower | solar CCTV trailer | diesel light tower | hybrid light tower | battery mobile light tower","solar surveillance mobile light tower for industrial projects","mast height | lighting output | battery runtime"
"cp-050-mobile-lighting-systems-ugt-10ql","mobile-lighting-systems","Mobile Light Tower","UGT-10QL","https://cowinmachine.com/products/mobile-lighting-systems/tower-ugt-10ql-102","solar mobile light tower | mobile lighting tower","solar light tower | diesel light tower | hybrid light tower | battery mobile light tower","ugt-10ql solar mobile light tower | ugt-10ql specifications | ugt-10ql mobile light tower for industrial projects","mast height | lighting output | battery runtime"
"cp-051-mobile-lighting-systems-ugt-1600","mobile-lighting-systems","Diesel Mobile Light Tower","UGT-1600","https://cowinmachine.com/products/mobile-lighting-systems/tower-ugt-1600-103","solar mobile light tower | mobile lighting tower | diesel light tower","diesel light tower | solar light tower | hybrid light tower | battery mobile light tower","ugt-1600 solar mobile light tower | ugt-1600 specifications | ugt-1600 diesel mobile light tower for industrial projects","mast height | lighting output | battery runtime"
"cp-052-mobile-lighting-systems-gdq5a-4r","mobile-lighting-systems","Diesel Mobile Light Tower","GDQ5A-4R","https://cowinmachine.com/products/mobile-lighting-systems/tower-gdq5a-4r-104","solar mobile light tower | mobile lighting tower | diesel light tower","diesel light tower | solar light tower | hybrid light tower | battery mobile light tower","gdq5a-4r solar mobile light tower | gdq5a-4r specifications | gdq5a-4r diesel mobile light tower for industrial projects","mast height | lighting output | battery runtime"
"cp-053-mobile-lighting-systems-ugt4000pled","mobile-lighting-systems","Diesel Mobile Light Tower","UGT4000PLED","https://cowinmachine.com/products/mobile-lighting-systems/tower-ugt4000pled-106","solar mobile light tower | mobile lighting tower | diesel light tower","diesel light tower | solar light tower | hybrid light tower | battery mobile light tower","ugt4000pled solar mobile light tower | ugt4000pled specifications | ugt4000pled diesel mobile light tower for industrial projects","mast height | lighting output | battery runtime"
"cp-054-mobile-lighting-systems-ugt4000pmh","mobile-lighting-systems","Diesel Mobile Light Tower","UGT4000PMH","https://cowinmachine.com/products/mobile-lighting-systems/tower-ugt4000pmh-107","solar mobile light tower | mobile lighting tower | diesel light tower","diesel light tower | solar light tower | hybrid light tower | battery mobile light tower","ugt4000pmh solar mobile light tower | ugt4000pmh specifications | ugt4000pmh diesel mobile light tower for industrial projects","mast height | lighting output | battery runtime"
"cp-055-mobile-lighting-systems-ugt-7000pled","mobile-lighting-systems","Diesel Mobile Light Tower","UGT-7000PLED","https://cowinmachine.com/products/mobile-lighting-systems/tower-ugt-7000pled-108","solar mobile light tower | mobile lighting tower | diesel light tower","diesel light tower | solar light tower | hybrid light tower | battery mobile light tower","ugt-7000pled solar mobile light tower | ugt-7000pled specifications | ugt-7000pled diesel mobile light tower for industrial projects","mast height | lighting output | battery runtime"
"cp-056-mobile-lighting-systems-x-cube-x-cube-hybrid","mobile-lighting-systems","Diesel Mobile Light Tower","X-CUBE X-CUBE HYBRID","https://cowinmachine.com/products/mobile-lighting-systems/tower-x-cube-x-cube-hybrid-109","solar mobile light tower | mobile lighting tower | diesel light tower | hybrid light tower","diesel light tower | hybrid light tower | solar light tower | battery mobile light tower","x-cube x-cube hybrid solar mobile light tower | x-cube x-cube hybrid specifications | x-cube x-cube hybrid diesel mobile light tower for industrial projects","mast height | lighting output | battery runtime"
"cp-057-mobile-lighting-systems-trailers-uht7000pled-mobile-light-tower","mobile-lighting-systems","TRAILERS-UHT7000PLED Mobile Light Tower","","https://cowinmachine.com/products/mobile-lighting-systems/tower-trailers-uht7000pled-110","solar mobile light tower | mobile lighting tower","solar light tower | diesel light tower | hybrid light tower | battery mobile light tower","trailers-uht7000pled mobile light tower for industrial projects","mast height | lighting output | battery runtime"
"cp-058-mobile-lighting-systems-t-720ap","mobile-lighting-systems","Solar Surveillance Mobile Light Tower","T-720AP","https://cowinmachine.com/products/mobile-lighting-systems/tower-t-720ap-112","solar mobile light tower | mobile lighting tower | solar light tower | solar surveillance tower","solar light tower | solar surveillance tower | solar CCTV trailer | diesel light tower | hybrid light tower | battery mobile light tower","t-720ap solar mobile light tower | t-720ap specifications | t-720ap solar surveillance mobile light tower for industrial projects","mast height | lighting output | battery runtime"
"cp-059-mobile-lighting-systems-uni-t1","mobile-lighting-systems","Solar Surveillance Mobile Light Tower","UNI-T1","https://cowinmachine.com/products/mobile-lighting-systems/tower-uni-t1-113","solar mobile light tower | mobile lighting tower | solar light tower | solar surveillance tower","solar light tower | solar surveillance tower | solar CCTV trailer | diesel light tower | hybrid light tower | battery mobile light tower","uni-t1 solar mobile light tower | uni-t1 specifications | uni-t1 solar surveillance mobile light tower for industrial projects","mast height | lighting output | battery runtime"
"cp-060-mobile-lighting-systems-ust-600","mobile-lighting-systems","Solar Surveillance Mobile Light Tower","UST-600","https://cowinmachine.com/products/mobile-lighting-systems/tower-ust-600-114","solar mobile light tower | mobile lighting tower | solar light tower | solar surveillance tower","solar light tower | solar surveillance tower | solar CCTV trailer | diesel light tower | hybrid light tower | battery mobile light tower","ust-600 solar mobile light tower | ust-600 specifications | ust-600 solar surveillance mobile light tower for industrial projects","mast height | lighting output | battery runtime"
"cp-061-mobile-lighting-systems-uni-t2a","mobile-lighting-systems","Solar Surveillance Mobile Light Tower","UNI-T2A","https://cowinmachine.com/products/mobile-lighting-systems/tower-uni-t2a-115","solar mobile light tower | mobile lighting tower | solar light tower | solar surveillance tower","solar light tower | solar surveillance tower | solar CCTV trailer | diesel light tower | hybrid light tower | battery mobile light tower","uni-t2a solar mobile light tower | uni-t2a specifications | uni-t2a solar surveillance mobile light tower for industrial projects","mast height | lighting output | battery runtime"
"cp-062-mobile-lighting-systems-uni-t2c","mobile-lighting-systems","Solar Surveillance Mobile Light Tower","UNI-T2C","https://cowinmachine.com/products/mobile-lighting-systems/tower-uni-t2c-116","solar mobile light tower | mobile lighting tower | solar light tower | solar surveillance tower","solar light tower | solar surveillance tower | solar CCTV trailer | diesel light tower | hybrid light tower | battery mobile light tower","uni-t2c solar mobile light tower | uni-t2c specifications | uni-t2c solar surveillance mobile light tower for industrial projects","mast height | lighting output | battery runtime"
"cp-063-mobile-lighting-systems-uni-t2h","mobile-lighting-systems","Solar Surveillance Mobile Light Tower","UNI-T2H","https://cowinmachine.com/products/mobile-lighting-systems/tower-uni-t2h-117","solar mobile light tower | mobile lighting tower | solar light tower | solar surveillance tower","solar light tower | solar surveillance tower | solar CCTV trailer | diesel light tower | hybrid light tower | battery mobile light tower","uni-t2h solar mobile light tower | uni-t2h specifications | uni-t2h solar surveillance mobile light tower for industrial projects","mast height | lighting output | battery runtime"
"cp-064-mobile-lighting-systems-ust-1200s","mobile-lighting-systems","Solar Surveillance Mobile Light Tower","UST-1200S","https://cowinmachine.com/products/mobile-lighting-systems/tower-ust-1200s-120 | https://cowinmachine.com/products/mobile-lighting-systems/tower-ust-1200s-121","solar mobile light tower | mobile lighting tower | solar light tower | solar surveillance tower","solar light tower | solar surveillance tower | solar CCTV trailer | diesel light tower | hybrid light tower | battery mobile light tower","ust-1200s solar mobile light tower | ust-1200s specifications | ust-1200s solar surveillance mobile light tower for industrial projects","mast height | lighting output | battery runtime"
"cp-065-compressed-air-equipment-zd10lg-8","compressed-air-equipment","Electric Screw Air Compressor","ZD10LG-8","https://cowinmachine.com/products/compressed-air-equipment/air-zd10lg-8-122","screw air compressor | industrial air compressor | electric screw air compressor","electric screw air compressor | variable-speed screw air compressor | VSD air compressor | stationary screw air compressor","zd10lg-8 screw air compressor | zd10lg-8 specifications | zd10lg-8 electric screw air compressor for industrial projects","free air delivery | working pressure | airend | air compressor maintenance"
"cp-066-compressed-air-equipment-zd10lv-8","compressed-air-equipment","Screw Air Compressor","ZD10LV-8","https://cowinmachine.com/products/compressed-air-equipment/air-zd10lv-8-123","screw air compressor | industrial air compressor","electric screw air compressor | variable-speed screw air compressor | VSD air compressor | stationary screw air compressor","zd10lv-8 screw air compressor | zd10lv-8 specifications | zd10lv-8 screw air compressor for industrial projects","free air delivery | working pressure | airend | air compressor maintenance"
"cp-067-magnetic-separators-zd15lv-8","magnetic-separators","Permanent Magnetic Separator","ZD15LV-8","https://cowinmachine.com/products/magnetic-separators/mag-zd15lv-8-124","magnetic separator | permanent magnetic separator | magnetic pulley | magnetic roller","magnetic pulley | magnetic roller | magnetic filter | magnetic grid | magnetic rod | magnetic trap | electromagnetic separator | suspended magnetic separator | self-cleaning magnetic separator | self-unloading magnetic separator","zd15lv-8 magnetic separator | zd15lv-8 specifications | zd15lv-8 permanent magnetic separator for industrial projects","tramp iron removal | mineral processing magnetic separation | recycling sorting equipment"
"cp-068-compressed-air-equipment-zd20","compressed-air-equipment","Variable-Speed Screw Air Compressor","ZD20","https://cowinmachine.com/products/compressed-air-equipment/air-zd20-125","screw air compressor | industrial air compressor | variable-speed screw air compressor","variable-speed screw air compressor | electric screw air compressor | VSD air compressor | stationary screw air compressor","zd20 screw air compressor | zd20 specifications | zd20 variable-speed screw air compressor for industrial projects","free air delivery | working pressure | airend | air compressor maintenance"
"cp-069-compressed-air-equipment-zd30","compressed-air-equipment","Screw Air Compressor","ZD30","https://cowinmachine.com/products/compressed-air-equipment/air-zd30-126","screw air compressor | industrial air compressor","electric screw air compressor | variable-speed screw air compressor | VSD air compressor | stationary screw air compressor","zd30 screw air compressor | zd30 specifications | zd30 screw air compressor for industrial projects","free air delivery | working pressure | airend | air compressor maintenance"
"cp-070-compressed-air-equipment-zd50lv-8","compressed-air-equipment","Electric Portable Screw Air Compressor","ZD50LV-8","https://cowinmachine.com/products/compressed-air-equipment/air-zd50lv-8-127 | https://cowinmachine.com/products/compressed-air-equipment/air-zd50lv-8-128","screw air compressor | industrial air compressor | electric screw air compressor | portable screw air compressor","electric screw air compressor | portable screw air compressor | variable-speed screw air compressor | VSD air compressor | stationary screw air compressor","zd50lv-8 screw air compressor | zd50lv-8 specifications | zd50lv-8 electric portable screw air compressor for industrial projects","free air delivery | working pressure | airend | air compressor maintenance"
"cp-071-compressed-air-equipment-kylc-18","compressed-air-equipment","Electric Portable Screw Air Compressor","KYLC-18","https://cowinmachine.com/products/compressed-air-equipment/air-kylc-18-129","screw air compressor | industrial air compressor | electric screw air compressor | portable screw air compressor","electric screw air compressor | portable screw air compressor | variable-speed screw air compressor | VSD air compressor | stationary screw air compressor","kylc-18 screw air compressor | kylc-18 specifications | kylc-18 electric portable screw air compressor for industrial projects","free air delivery | working pressure | airend | air compressor maintenance"
"cp-072-compressed-air-equipment-zdy75d-7","compressed-air-equipment","Electric Portable Screw Air Compressor","ZDY75D-7","https://cowinmachine.com/products/compressed-air-equipment/air-zdy75d-7-130","screw air compressor | industrial air compressor | electric screw air compressor | portable screw air compressor","electric screw air compressor | portable screw air compressor | variable-speed screw air compressor | VSD air compressor | stationary screw air compressor","zdy75d-7 screw air compressor | zdy75d-7 specifications | zdy75d-7 electric portable screw air compressor for industrial projects","free air delivery | working pressure | airend | air compressor maintenance"
"cp-073-compressed-air-equipment-zdy90d-7","compressed-air-equipment","Electric Portable Screw Air Compressor","ZDY90D-7","https://cowinmachine.com/products/compressed-air-equipment/air-zdy90d-7-131","screw air compressor | industrial air compressor | electric screw air compressor | portable screw air compressor","electric screw air compressor | portable screw air compressor | variable-speed screw air compressor | VSD air compressor | stationary screw air compressor","zdy90d-7 screw air compressor | zdy90d-7 specifications | zdy90d-7 electric portable screw air compressor for industrial projects","free air delivery | working pressure | airend | air compressor maintenance"
"cp-074-compressed-air-equipment-zdy132d-8","compressed-air-equipment","Electric Screw Air Compressor","ZDY132D-8","https://cowinmachine.com/products/compressed-air-equipment/air-zdy132d-8-132","screw air compressor | industrial air compressor | electric screw air compressor","electric screw air compressor | variable-speed screw air compressor | VSD air compressor | stationary screw air compressor","zdy132d-8 screw air compressor | zdy132d-8 specifications | zdy132d-8 electric screw air compressor for industrial projects","free air delivery | working pressure | airend | air compressor maintenance"
"cp-075-compressed-air-equipment-zdcy-5-8","compressed-air-equipment","Diesel Portable Screw Air Compressor","ZDCY 5-8","https://cowinmachine.com/products/compressed-air-equipment/air-zdcy-5-8-133 | https://cowinmachine.com/products/compressed-air-equipment/air-zdcy-5-8-188","screw air compressor | industrial air compressor | portable screw air compressor | diesel portable screw air compressor","portable screw air compressor | diesel portable screw air compressor | diesel stationary screw air compressor | diesel piston air compressor | electric screw air compressor | variable-speed screw air compressor | VSD air compressor | stationary screw air compressor","zdcy 5-8 screw air compressor | zdcy 5-8 specifications | zdcy 5-8 diesel portable screw air compressor for industrial projects","free air delivery | working pressure | airend | air compressor maintenance"
"cp-076-compressed-air-equipment-zdyl-20-20","compressed-air-equipment","Diesel Portable Screw Air Compressor","ZDYL-20/20","https://cowinmachine.com/products/compressed-air-equipment/air-zdyl-20-20-134","screw air compressor | industrial air compressor | portable screw air compressor | diesel portable screw air compressor","portable screw air compressor | diesel portable screw air compressor | diesel stationary screw air compressor | diesel piston air compressor | electric screw air compressor | variable-speed screw air compressor | VSD air compressor | stationary screw air compressor","zdyl-20/20 screw air compressor | zdyl-20/20 specifications | zdyl-20/20 diesel portable screw air compressor for industrial projects","free air delivery | working pressure | airend | air compressor maintenance"
"cp-077-compressed-air-equipment-zd-40","compressed-air-equipment","/25 Diesel Screw Air Compressor","ZD-40","https://cowinmachine.com/products/compressed-air-equipment/air-zd-40-25-135","screw air compressor | industrial air compressor | diesel portable screw air compressor | diesel stationary screw air compressor","diesel portable screw air compressor | diesel stationary screw air compressor | diesel piston air compressor | electric screw air compressor | variable-speed screw air compressor | VSD air compressor | stationary screw air compressor","zd-40 screw air compressor | zd-40 specifications | zd-40/25 diesel screw air compressor for industrial projects","free air delivery | working pressure | airend | air compressor maintenance"
"cp-078-compressed-air-equipment-zd-20","compressed-air-equipment","/20 Diesel Screw Air Compressor","ZD-20","https://cowinmachine.com/products/compressed-air-equipment/air-zd-20-20-136","screw air compressor | industrial air compressor | diesel portable screw air compressor | diesel stationary screw air compressor","diesel portable screw air compressor | diesel stationary screw air compressor | diesel piston air compressor | electric screw air compressor | variable-speed screw air compressor | VSD air compressor | stationary screw air compressor","zd-20 screw air compressor | zd-20 specifications | zd-20/20 diesel screw air compressor for industrial projects","free air delivery | working pressure | airend | air compressor maintenance"
"cp-079-compressed-air-equipment-diesel-piston-air-compressor","compressed-air-equipment","Diesel Piston Air Compressor","","https://cowinmachine.com/products/compressed-air-equipment/air-series-137-137 | https://cowinmachine.com/products/compressed-air-equipment/air-series-138-138 | https://cowinmachine.com/products/compressed-air-equipment/air-series-139-139","screw air compressor | industrial air compressor | diesel portable screw air compressor | diesel stationary screw air compressor","diesel portable screw air compressor | diesel stationary screw air compressor | piston air compressor | diesel piston air compressor | electric screw air compressor | variable-speed screw air compressor | VSD air compressor | stationary screw air compressor","diesel piston air compressor for industrial projects","free air delivery | working pressure | airend | air compressor maintenance"
"cp-080-compressed-air-equipment-piston-air-compressor","compressed-air-equipment","Piston Air Compressor","","https://cowinmachine.com/products/compressed-air-equipment/air-series-140-140","screw air compressor | industrial air compressor | piston air compressor","piston air compressor | electric screw air compressor | variable-speed screw air compressor | VSD air compressor | stationary screw air compressor","piston air compressor for industrial projects","free air delivery | working pressure | airend | air compressor maintenance"
"cp-081-compressed-air-equipment-diesel-portable-piston-air-compressor","compressed-air-equipment","Diesel Portable Piston Air Compressor","","https://cowinmachine.com/products/compressed-air-equipment/air-series-141-141 | https://cowinmachine.com/products/compressed-air-equipment/air-series-142-142 | https://cowinmachine.com/products/compressed-air-equipment/air-series-143-143","screw air compressor | industrial air compressor | portable screw air compressor | diesel portable screw air compressor","portable screw air compressor | diesel portable screw air compressor | diesel stationary screw air compressor | piston air compressor | diesel piston air compressor | electric screw air compressor | variable-speed screw air compressor | VSD air compressor | stationary screw air compressor","diesel portable piston air compressor for industrial projects","free air delivery | working pressure | airend | air compressor maintenance"
"cp-082-generator-systems-bf-150kva","generator-systems","Silent Diesel Generator System","BF-150KVA","https://cowinmachine.com/products/generator-systems/gen-bf-150kva-144","diesel generator | industrial generator | silent diesel generator","silent diesel generator | soundproof generator | open-frame diesel generator | mobile generator","bf-150kva diesel generator | bf-150kva specifications | bf-150kva silent diesel generator system for industrial projects","prime power generator | standby power generator"
"cp-083-generator-systems-zd-30","generator-systems","Silent Diesel Generator System","ZD-30","https://cowinmachine.com/products/generator-systems/gen-zd-30-145","diesel generator | industrial generator | silent diesel generator","silent diesel generator | soundproof generator | open-frame diesel generator | mobile generator","zd-30 diesel generator | zd-30 specifications | zd-30 silent diesel generator system for industrial projects","prime power generator | standby power generator"
"cp-084-generator-systems-zd-20","generator-systems","Silent Diesel Generator System","ZD-20","https://cowinmachine.com/products/generator-systems/gen-zd-20-146","diesel generator | industrial generator | silent diesel generator","silent diesel generator | soundproof generator | open-frame diesel generator | mobile generator","zd-20 diesel generator | zd-20 specifications | zd-20 silent diesel generator system for industrial projects","prime power generator | standby power generator"
"cp-085-generator-systems-zd-1000","generator-systems","Silent Diesel Generator System","ZD-1000","https://cowinmachine.com/products/generator-systems/gen-zd-1000-147","diesel generator | industrial generator | silent diesel generator","silent diesel generator | soundproof generator | open-frame diesel generator | mobile generator","zd-1000 diesel generator | zd-1000 specifications | zd-1000 silent diesel generator system for industrial projects","prime power generator | standby power generator"
"cp-086-generator-systems-zd-80","generator-systems","Diesel Generator System","ZD-80","https://cowinmachine.com/products/generator-systems/gen-zd-80-148","diesel generator | industrial generator","silent diesel generator | soundproof generator | open-frame diesel generator | mobile generator","zd-80 diesel generator | zd-80 specifications | zd-80 diesel generator system for industrial projects","prime power generator | standby power generator"
"cp-087-generator-systems-diesel-generator-system","generator-systems","Diesel Generator System","","https://cowinmachine.com/products/generator-systems/gen-series-149-149","diesel generator | industrial generator","silent diesel generator | soundproof generator | open-frame diesel generator | mobile generator","diesel generator system for industrial projects","prime power generator | standby power generator"
"cp-088-drilling-equipment-fy300","drilling-equipment","Water-Well Drilling Rig","FY300","https://cowinmachine.com/products/drilling-equipment/rig-fy300-150","water well drilling rig | DTH drilling rig","crawler drilling rig | down-the-hole drilling rig | rock drilling rig | anchoring drilling rig","fy300 water well drilling rig | fy300 specifications | fy300 water-well drilling rig for industrial projects","drilling depth | hole diameter | drilling method"
"cp-089-drilling-equipment-fy680","drilling-equipment","Drilling Rig","FY680","https://cowinmachine.com/products/drilling-equipment/rig-fy680-151","water well drilling rig | DTH drilling rig","crawler drilling rig | down-the-hole drilling rig | rock drilling rig | anchoring drilling rig","fy680 water well drilling rig | fy680 specifications | fy680 drilling rig for industrial projects","drilling depth | hole diameter | drilling method"
"cp-090-drilling-equipment-ht500","drilling-equipment","Crawler Drilling Rig","HT500","https://cowinmachine.com/products/drilling-equipment/rig-ht500-152","water well drilling rig | DTH drilling rig | crawler drilling rig","crawler drilling rig | down-the-hole drilling rig | rock drilling rig | anchoring drilling rig","ht500 water well drilling rig | ht500 specifications | ht500 crawler drilling rig for industrial projects","drilling depth | hole diameter | drilling method"
"cp-091-drilling-equipment-kh103","drilling-equipment","Drilling Rig","KH103","https://cowinmachine.com/products/drilling-equipment/rig-kh103-153","water well drilling rig | DTH drilling rig","crawler drilling rig | down-the-hole drilling rig | rock drilling rig | anchoring drilling rig","kh103 water well drilling rig | kh103 specifications | kh103 drilling rig for industrial projects","drilling depth | hole diameter | drilling method"
"cp-092-drilling-equipment-kh612","drilling-equipment","DTH Crawler Drilling Rig","KH612","https://cowinmachine.com/products/drilling-equipment/rig-kh612-154","water well drilling rig | DTH drilling rig | crawler drilling rig","crawler drilling rig | down-the-hole drilling rig | rock drilling rig | anchoring drilling rig","kh612 water well drilling rig | kh612 specifications | kh612 dth crawler drilling rig for industrial projects","drilling depth | hole diameter | drilling method"
"cp-093-drilling-equipment-kh712","drilling-equipment","DTH Drilling Rig","KH712","https://cowinmachine.com/products/drilling-equipment/rig-kh712-155","water well drilling rig | DTH drilling rig","crawler drilling rig | down-the-hole drilling rig | rock drilling rig | anchoring drilling rig","kh712 water well drilling rig | kh712 specifications | kh712 dth drilling rig for industrial projects","drilling depth | hole diameter | drilling method"
"cp-094-drilling-equipment-zdd100","drilling-equipment","DTH Drilling Rig","ZDD100","https://cowinmachine.com/products/drilling-equipment/rig-zdd100-156 | https://cowinmachine.com/products/drilling-equipment/rig-zdd100-157","water well drilling rig | DTH drilling rig","crawler drilling rig | down-the-hole drilling rig | rock drilling rig | anchoring drilling rig","zdd100 water well drilling rig | zdd100 specifications | zdd100 dth drilling rig for industrial projects","drilling depth | hole diameter | drilling method"
"cp-095-drilling-consumables-yt24","drilling-consumables","Drilling Tool","YT24","https://cowinmachine.com/products/drilling-consumables/tool-yt24-158","drilling tool | DTH hammer | DTH drill bit | drill pipe","drill pipe | pneumatic rock drill | button bit | tapered button bit","yt24 drilling tool | yt24 specifications | yt24 drilling tool for industrial projects","tool compatibility | replacement drilling tools | drilling consumables"
"cp-096-drilling-consumables-y24","drilling-consumables","Drilling Tool","Y24","https://cowinmachine.com/products/drilling-consumables/tool-y24-159","drilling tool | DTH hammer | DTH drill bit | drill pipe","drill pipe | pneumatic rock drill | button bit | tapered button bit","y24 drilling tool | y24 specifications | y24 drilling tool for industrial projects","tool compatibility | replacement drilling tools | drilling consumables"
"cp-097-drilling-consumables-button-bit-drilling-tool","drilling-consumables","Button Bit Drilling Tool","","https://cowinmachine.com/products/drilling-consumables/tool-series-160-160","drilling tool | DTH hammer | DTH drill bit | button bit | drill pipe","button bit | drill pipe | pneumatic rock drill | tapered button bit","button bit drilling tool for industrial projects","tool compatibility | replacement drilling tools | drilling consumables"
"cp-098-drilling-consumables-drill-bit-drilling-tool","drilling-consumables","Drill Bit Drilling Tool","","https://cowinmachine.com/products/drilling-consumables/tool-series-161-161 | https://cowinmachine.com/products/drilling-consumables/tool-series-162-162 | https://cowinmachine.com/products/drilling-consumables/tool-series-198-198","drilling tool | DTH hammer | DTH drill bit | drill pipe","drill pipe | pneumatic rock drill | button bit | tapered button bit","drill bit drilling tool for industrial projects","tool compatibility | replacement drilling tools | drilling consumables"
"cp-099-drilling-consumables-zd-89","drilling-consumables","Drilling Tool","ZD-89","https://cowinmachine.com/products/drilling-consumables/tool-zd-89-163","drilling tool | DTH hammer | DTH drill bit | drill pipe","drill pipe | pneumatic rock drill | button bit | tapered button bit","zd-89 drilling tool | zd-89 specifications | zd-89 drilling tool for industrial projects","tool compatibility | replacement drilling tools | drilling consumables"
"cp-100-drilling-consumables-drill-pipe-drilling-tool","drilling-consumables","Drill Pipe Drilling Tool","","https://cowinmachine.com/products/drilling-consumables/tool-series-164-164","drilling tool | DTH hammer | DTH drill bit | drill pipe","drill pipe | pneumatic rock drill | button bit | tapered button bit","drill pipe drilling tool for industrial projects","tool compatibility | replacement drilling tools | drilling consumables"
"cp-101-drilling-consumables-dth-hammer-drilling-tool","drilling-consumables","DTH Hammer Drilling Tool","","https://cowinmachine.com/products/drilling-consumables/tool-series-165-165","drilling tool | DTH hammer | DTH drill bit | drill pipe","drill pipe | pneumatic rock drill | button bit | tapered button bit","dth hammer drilling tool for industrial projects","tool compatibility | replacement drilling tools | drilling consumables"
"cp-102-drilling-consumables-ql60","drilling-consumables","DTH Hammer Drilling Tool","QL60","https://cowinmachine.com/products/drilling-consumables/tool-ql60-166","drilling tool | DTH hammer | DTH drill bit | drill pipe","drill pipe | pneumatic rock drill | button bit | tapered button bit","ql60 drilling tool | ql60 specifications | ql60 dth hammer drilling tool for industrial projects","tool compatibility | replacement drilling tools | drilling consumables"
"cp-103-mobile-lighting-systems-ult-900","mobile-lighting-systems","Solar Mobile Light Tower","ULT-900","https://cowinmachine.com/products/mobile-lighting-systems/tower-ult-900-167","solar mobile light tower | mobile lighting tower | solar light tower | solar surveillance tower","solar light tower | solar surveillance tower | solar CCTV trailer | diesel light tower | hybrid light tower | battery mobile light tower","ult-900 solar mobile light tower | ult-900 specifications | ult-900 solar mobile light tower for industrial projects","mast height | lighting output | battery runtime"
"cp-104-mobile-lighting-systems-ult-1200","mobile-lighting-systems","Battery Mobile Light Tower","ULT-1200","https://cowinmachine.com/products/mobile-lighting-systems/tower-ult-1200-168","solar mobile light tower | mobile lighting tower | battery mobile light tower","battery mobile light tower | solar light tower | diesel light tower | hybrid light tower","ult-1200 solar mobile light tower | ult-1200 specifications | ult-1200 battery mobile light tower for industrial projects","mast height | lighting output | battery runtime"
"cp-105-mobile-lighting-systems-ust1800","mobile-lighting-systems","Solar Mobile Light Tower","UST1800","https://cowinmachine.com/products/mobile-lighting-systems/tower-ust1800-169","solar mobile light tower | mobile lighting tower | solar light tower | solar surveillance tower","solar light tower | solar surveillance tower | solar CCTV trailer | diesel light tower | hybrid light tower | battery mobile light tower","ust1800 solar mobile light tower | ust1800 specifications | ust1800 solar mobile light tower for industrial projects","mast height | lighting output | battery runtime"
"cp-106-generator-systems-ugt-1600","generator-systems","Diesel Mobile Generator System","UGT-1600","https://cowinmachine.com/products/generator-systems/gen-ugt-1600-170","diesel generator | industrial generator | mobile generator","mobile generator | silent diesel generator | soundproof generator | open-frame diesel generator","ugt-1600 diesel generator | ugt-1600 specifications | ugt-1600 diesel mobile generator system for industrial projects","prime power generator | standby power generator"
"cp-107-generator-systems-ugt-4000lm","generator-systems","Diesel Generator System","UGT-4000LM","https://cowinmachine.com/products/generator-systems/gen-ugt-4000lm-171","diesel generator | industrial generator","silent diesel generator | soundproof generator | open-frame diesel generator | mobile generator","ugt-4000lm diesel generator | ugt-4000lm specifications | ugt-4000lm diesel generator system for industrial projects","prime power generator | standby power generator"
"cp-108-generator-systems-ugt-4000-pm","generator-systems","Diesel Mobile Generator System","UGT-4000 PM","https://cowinmachine.com/products/generator-systems/gen-ugt-4000-pm-172","diesel generator | industrial generator | mobile generator","mobile generator | silent diesel generator | soundproof generator | open-frame diesel generator","ugt-4000 pm diesel generator | ugt-4000 pm specifications | ugt-4000 pm diesel mobile generator system for industrial projects","prime power generator | standby power generator"
"cp-109-mobile-lighting-systems-ust-900l","mobile-lighting-systems","Solar Hybrid Mobile Light Tower","UST-900L","https://cowinmachine.com/products/mobile-lighting-systems/tower-ust-900l-173","solar mobile light tower | mobile lighting tower | solar light tower | hybrid light tower","solar light tower | hybrid light tower | solar surveillance tower | solar CCTV trailer | diesel light tower | battery mobile light tower","ust-900l solar mobile light tower | ust-900l specifications | ust-900l solar hybrid mobile light tower for industrial projects","mast height | lighting output | battery runtime"
"cp-110-mobile-lighting-systems-gts-1200","mobile-lighting-systems","Solar Hybrid Mobile Light Tower","GTS-1200","https://cowinmachine.com/products/mobile-lighting-systems/tower-gts-1200-174","solar mobile light tower | mobile lighting tower | solar light tower | hybrid light tower","solar light tower | hybrid light tower | solar surveillance tower | solar CCTV trailer | diesel light tower | battery mobile light tower","gts-1200 solar mobile light tower | gts-1200 specifications | gts-1200 solar hybrid mobile light tower for industrial projects","mast height | lighting output | battery runtime"
"cp-111-compressed-air-equipment-lb10","compressed-air-equipment","Screw Air Compressor","LB10","https://cowinmachine.com/products/compressed-air-equipment/air-lb10-175","screw air compressor | industrial air compressor","electric screw air compressor | variable-speed screw air compressor | VSD air compressor | stationary screw air compressor","lb10 screw air compressor | lb10 specifications | lb10 screw air compressor for industrial projects","free air delivery | working pressure | airend | air compressor maintenance"
"cp-112-compressed-air-equipment-lb20","compressed-air-equipment","Screw Air Compressor","LB20","https://cowinmachine.com/products/compressed-air-equipment/air-lb20-176","screw air compressor | industrial air compressor","electric screw air compressor | variable-speed screw air compressor | VSD air compressor | stationary screw air compressor","lb20 screw air compressor | lb20 specifications | lb20 screw air compressor for industrial projects","free air delivery | working pressure | airend | air compressor maintenance"
"cp-113-compressed-air-equipment-lb50","compressed-air-equipment","Stationary Screw Air Compressor","LB50","https://cowinmachine.com/products/compressed-air-equipment/air-lb50-177","screw air compressor | industrial air compressor | stationary screw air compressor","stationary screw air compressor | electric screw air compressor | variable-speed screw air compressor | VSD air compressor","lb50 screw air compressor | lb50 specifications | lb50 stationary screw air compressor for industrial projects","free air delivery | working pressure | airend | air compressor maintenance"
"cp-114-compressed-air-equipment-lb30","compressed-air-equipment","Screw Air Compressor","LB30","https://cowinmachine.com/products/compressed-air-equipment/air-lb30-178","screw air compressor | industrial air compressor","electric screw air compressor | variable-speed screw air compressor | VSD air compressor | stationary screw air compressor","lb30 screw air compressor | lb30 specifications | lb30 screw air compressor for industrial projects","free air delivery | working pressure | airend | air compressor maintenance"
"cp-115-compressed-air-equipment-rm160-34","compressed-air-equipment","/8 Screw Air Compressor","RM160-34","https://cowinmachine.com/products/compressed-air-equipment/air-rm160-34-8-179","screw air compressor | industrial air compressor","electric screw air compressor | variable-speed screw air compressor | VSD air compressor | stationary screw air compressor","rm160-34 screw air compressor | rm160-34 specifications | rm160-34/8 screw air compressor for industrial projects","free air delivery | working pressure | airend | air compressor maintenance"
"cp-116-compressed-air-equipment-zd-5","compressed-air-equipment","/8 Diesel Stationary Screw Air Compressor","ZD-5","https://cowinmachine.com/products/compressed-air-equipment/air-zd-5-8-180","screw air compressor | industrial air compressor | stationary screw air compressor | diesel portable screw air compressor","stationary screw air compressor | diesel portable screw air compressor | diesel stationary screw air compressor | diesel piston air compressor | electric screw air compressor | variable-speed screw air compressor | VSD air compressor","zd-5 screw air compressor | zd-5 specifications | zd-5/8 diesel stationary screw air compressor for industrial projects","free air delivery | working pressure | airend | air compressor maintenance"
"cp-117-compressed-air-equipment-zd-10","compressed-air-equipment","/10 Diesel Portable Screw Air Compressor","ZD-10","https://cowinmachine.com/products/compressed-air-equipment/air-zd-10-10-181","screw air compressor | industrial air compressor | portable screw air compressor | diesel portable screw air compressor","portable screw air compressor | diesel portable screw air compressor | diesel stationary screw air compressor | diesel piston air compressor | electric screw air compressor | variable-speed screw air compressor | VSD air compressor | stationary screw air compressor","zd-10 screw air compressor | zd-10 specifications | zd-10/10 diesel portable screw air compressor for industrial projects","free air delivery | working pressure | airend | air compressor maintenance"
"cp-118-compressed-air-equipment-ztv90-8","compressed-air-equipment","Electric Screw Air Compressor","ZTV90-8","https://cowinmachine.com/products/compressed-air-equipment/air-ztv90-8-182","screw air compressor | industrial air compressor | electric screw air compressor","electric screw air compressor | variable-speed screw air compressor | VSD air compressor | stationary screw air compressor","ztv90-8 screw air compressor | ztv90-8 specifications | ztv90-8 electric screw air compressor for industrial projects","free air delivery | working pressure | airend | air compressor maintenance"
"cp-119-compressed-air-equipment-kszj18-17","compressed-air-equipment","Diesel Portable Screw Air Compressor","KSZJ18-17","https://cowinmachine.com/products/compressed-air-equipment/air-kszj18-17-183","screw air compressor | industrial air compressor | portable screw air compressor | diesel portable screw air compressor","portable screw air compressor | diesel portable screw air compressor | diesel stationary screw air compressor | diesel piston air compressor | electric screw air compressor | variable-speed screw air compressor | VSD air compressor | stationary screw air compressor","kszj18-17 screw air compressor | kszj18-17 specifications | kszj18-17 diesel portable screw air compressor for industrial projects","free air delivery | working pressure | airend | air compressor maintenance"
"cp-120-drilling-consumables-yt27","drilling-consumables","Drilling Tool","YT27","https://cowinmachine.com/products/drilling-consumables/tool-yt27-184","drilling tool | DTH hammer | DTH drill bit | drill pipe","drill pipe | pneumatic rock drill | button bit | tapered button bit","yt27 drilling tool | yt27 specifications | yt27 drilling tool for industrial projects","tool compatibility | replacement drilling tools | drilling consumables"
"cp-121-drilling-consumables-yt29a","drilling-consumables","Drilling Tool","YT29A","https://cowinmachine.com/products/drilling-consumables/tool-yt29a-185","drilling tool | DTH hammer | DTH drill bit | drill pipe","drill pipe | pneumatic rock drill | button bit | tapered button bit","yt29a drilling tool | yt29a specifications | yt29a drilling tool for industrial projects","tool compatibility | replacement drilling tools | drilling consumables"
"cp-122-drilling-equipment-fy260","drilling-equipment","Water-Well Drilling Rig","FY260","https://cowinmachine.com/products/drilling-equipment/rig-fy260-186","water well drilling rig | DTH drilling rig","crawler drilling rig | down-the-hole drilling rig | rock drilling rig | anchoring drilling rig","fy260 water well drilling rig | fy260 specifications | fy260 water-well drilling rig for industrial projects","drilling depth | hole diameter | drilling method"
"cp-123-drilling-consumables-yo20","drilling-consumables","Drilling Tool","YO20","https://cowinmachine.com/products/drilling-consumables/tool-yo20-187","drilling tool | DTH hammer | DTH drill bit | drill pipe","drill pipe | pneumatic rock drill | button bit | tapered button bit","yo20 drilling tool | yo20 specifications | yo20 drilling tool for industrial projects","tool compatibility | replacement drilling tools | drilling consumables"
"cp-124-drilling-equipment-cs110","drilling-equipment","Anchoring Hydraulic Drilling Rig","CS110","https://cowinmachine.com/products/drilling-equipment/rig-cs110-189","water well drilling rig | DTH drilling rig | anchoring drilling rig | hydraulic drilling rig","anchoring drilling rig | hydraulic drilling rig | crawler drilling rig | down-the-hole drilling rig | rock drilling rig","cs110 water well drilling rig | cs110 specifications | cs110 anchoring hydraulic drilling rig for industrial projects","drilling depth | hole diameter | drilling method"
"cp-125-compressed-air-equipment-kylc-580","compressed-air-equipment","/17CY Diesel Screw Air Compressor","KYLC-580","https://cowinmachine.com/products/compressed-air-equipment/air-kylc-580-17cy-190","screw air compressor | industrial air compressor | diesel portable screw air compressor | diesel stationary screw air compressor","diesel portable screw air compressor | diesel stationary screw air compressor | diesel piston air compressor | electric screw air compressor | variable-speed screw air compressor | VSD air compressor | stationary screw air compressor","kylc-580 screw air compressor | kylc-580 specifications | kylc-580/17cy diesel screw air compressor for industrial projects","free air delivery | working pressure | airend | air compressor maintenance"
"cp-126-compressed-air-equipment-zd10","compressed-air-equipment","Screw Air Compressor","ZD10","https://cowinmachine.com/products/compressed-air-equipment/air-zd10-191","screw air compressor | industrial air compressor","electric screw air compressor | variable-speed screw air compressor | VSD air compressor | stationary screw air compressor","zd10 screw air compressor | zd10 specifications | zd10 screw air compressor for industrial projects","free air delivery | working pressure | airend | air compressor maintenance"
"cp-127-compressed-air-equipment-zd-31","compressed-air-equipment","/25 Diesel Screw Air Compressor","ZD-31","https://cowinmachine.com/products/compressed-air-equipment/air-zd-31-25-192","screw air compressor | industrial air compressor | diesel portable screw air compressor | diesel stationary screw air compressor","diesel portable screw air compressor | diesel stationary screw air compressor | diesel piston air compressor | electric screw air compressor | variable-speed screw air compressor | VSD air compressor | stationary screw air compressor","zd-31 screw air compressor | zd-31 specifications | zd-31/25 diesel screw air compressor for industrial projects","free air delivery | working pressure | airend | air compressor maintenance"
"cp-128-drilling-consumables-yt28","drilling-consumables","Drilling Tool","YT28","https://cowinmachine.com/products/drilling-consumables/tool-yt28-193","drilling tool | DTH hammer | DTH drill bit | drill pipe","drill pipe | pneumatic rock drill | button bit | tapered button bit","yt28 drilling tool | yt28 specifications | yt28 drilling tool for industrial projects","tool compatibility | replacement drilling tools | drilling consumables"
"cp-129-drilling-consumables-yo18","drilling-consumables","Drilling Tool","YO18","https://cowinmachine.com/products/drilling-consumables/tool-yo18-194","drilling tool | DTH hammer | DTH drill bit | drill pipe","drill pipe | pneumatic rock drill | button bit | tapered button bit","yo18 drilling tool | yo18 specifications | yo18 drilling tool for industrial projects","tool compatibility | replacement drilling tools | drilling consumables"
"cp-130-drilling-consumables-drilling-tool","drilling-consumables","Drilling Tool","","https://cowinmachine.com/products/drilling-consumables/tool-series-195-195","drilling tool | DTH hammer | DTH drill bit | drill pipe","drill pipe | pneumatic rock drill | button bit | tapered button bit","drilling tool for industrial projects","tool compatibility | replacement drilling tools | drilling consumables"
"cp-131-generator-systems-zd-100kw-open-frame-diesel-generator-system","generator-systems","ZD-100kw Open-Frame Diesel Generator System","","https://cowinmachine.com/products/generator-systems/gen-zd-100kw-196","diesel generator | industrial generator | open-frame diesel generator","open-frame diesel generator | silent diesel generator | soundproof generator | mobile generator","zd-100kw open-frame diesel generator system for industrial projects","prime power generator | standby power generator"
"cp-132-drilling-equipment-fy450","drilling-equipment","Water-Well Drilling Rig","FY450","https://cowinmachine.com/products/drilling-equipment/rig-fy450-197","water well drilling rig | DTH drilling rig","crawler drilling rig | down-the-hole drilling rig | rock drilling rig | anchoring drilling rig","fy450 water well drilling rig | fy450 specifications | fy450 water-well drilling rig for industrial projects","drilling depth | hole diameter | drilling method"
"cp-133-compressed-air-equipment-lg10","compressed-air-equipment","Stationary Screw Air Compressor","LG10","https://cowinmachine.com/products/compressed-air-equipment/air-lg10-199","screw air compressor | industrial air compressor | stationary screw air compressor","stationary screw air compressor | electric screw air compressor | variable-speed screw air compressor | VSD air compressor","lg10 screw air compressor | lg10 specifications | lg10 stationary screw air compressor for industrial projects","free air delivery | working pressure | airend | air compressor maintenance"
"cp-134-compressed-air-equipment-zd300-8","compressed-air-equipment","Diesel Portable Screw Air Compressor","ZD300-8","https://cowinmachine.com/products/compressed-air-equipment/air-zd300-8-200","screw air compressor | industrial air compressor | portable screw air compressor | diesel portable screw air compressor","portable screw air compressor | diesel portable screw air compressor | diesel stationary screw air compressor | diesel piston air compressor | electric screw air compressor | variable-speed screw air compressor | VSD air compressor | stationary screw air compressor","zd300-8 screw air compressor | zd300-8 specifications | zd300-8 diesel portable screw air compressor for industrial projects","free air delivery | working pressure | airend | air compressor maintenance"
"cp-135-drilling-equipment-fyl200","drilling-equipment","Water-Well Rock Drilling Rig","FYL200","https://cowinmachine.com/products/drilling-equipment/rig-fyl200-202","water well drilling rig | DTH drilling rig | rock drilling rig","rock drilling rig | crawler drilling rig | down-the-hole drilling rig | anchoring drilling rig","fyl200 water well drilling rig | fyl200 specifications | fyl200 water-well rock drilling rig for industrial projects","drilling depth | hole diameter | drilling method"
