id,title,primaryProductFamily,industry,scenario,searchIntent,targetKeywords,newsAngle,requiredSources,internalLinks,priority,similarityKey,status
"TOPIC-01","How Diesel Screw Air Compressors Support DTH Drilling in Remote Quarry Sites","Electric Screw Air Compressor (ZD10LG-8)","mining and quarrying","DTH drilling support","commercial investigation","diesel screw air compressor | DTH drilling air supply | remote quarry compressor","Research recent quarry and drilling mobilisation developments before drafting.","One current primary or government source within the 90-day window | One independent current source within the 90-day window","/products/compressed-air-equipment/air-zd10lg-8-122 | /news | /products | /request-a-quote","high","compressed-air-equipment:mining-and-quarrying:DTH-drilling-support","research-pending"
"TOPIC-02","How to Match Air Delivery and Pressure for Water-Well Drilling","Screw Air Compressor (ZD10LV-8)","water well drilling","air-rotary well drilling","informational","air delivery for water well drilling | working pressure | drilling compressor selection","Track water-well planning and drilling-method developments.","One current primary or government source within the 90-day window | One independent current source within the 90-day window","/products/compressed-air-equipment/air-zd10lv-8-123 | /news | /products | /request-a-quote","high","compressed-air-equipment:water-well-drilling:air-rotary-well-drilling","research-pending"
"TOPIC-03","Compressed-Air Leak Reviews for Industrial Workshops: What to Check First","Screw Air Compressor (ZD30)","manufacturing workshops","compressed-air distribution","informational","compressed air leaks | industrial air audit | air system pressure loss","Use recent industrial-energy reporting only when available.","One current primary or government source within the 90-day window | One independent current source within the 90-day window","/products/compressed-air-equipment/air-zd30-126 | /news | /products | /request-a-quote","high","compressed-air-equipment:manufacturing-workshops:compressed-air-distribution","research-pending"
"TOPIC-04","Portable vs Stationary Screw Air Compressors for Road Construction Crews","Electric Portable Screw Air Compressor (KYLC-18)","road construction","mobile pneumatic work","commercial investigation","portable screw air compressor | stationary compressor | road construction air supply","Link current construction activity to selection questions, not performance claims.","One current primary or government source within the 90-day window | One independent current source within the 90-day window","/products/compressed-air-equipment/air-kylc-18-129 | /news | /products | /request-a-quote","high","compressed-air-equipment:road-construction:mobile-pneumatic-work","research-pending"
"TOPIC-05","Air Quality and Condensate Management for Drilling and Pneumatic Tools","Electric Portable Screw Air Compressor (ZDY75D-7)","drilling","tool air treatment","informational","compressed air filtration | condensate management | pneumatic tool air quality","Prioritize standards or association guidance.","One current primary or government source within the 90-day window | One independent current source within the 90-day window","/products/compressed-air-equipment/air-zdy75d-7-130 | /news | /products | /request-a-quote","high","compressed-air-equipment:drilling:tool-air-treatment","research-pending"
"TOPIC-06","Selecting an Electric Screw Air Compressor for a Fixed Industrial Air System","Electric Portable Screw Air Compressor (ZDY90D-7)","manufacturing workshops","fixed compressed-air supply","commercial investigation","electric screw air compressor | industrial air system | air receiver selection","Use recent facility-energy or industrial-maintenance developments.","One current primary or government source within the 90-day window | One independent current source within the 90-day window","/products/compressed-air-equipment/air-zdy90d-7-131 | /news | /products | /request-a-quote","high","compressed-air-equipment:manufacturing-workshops:fixed-compressed-air-supply","research-pending"
"TOPIC-07","Generator Sizing Considerations for Temporary Construction Power","Silent Diesel Generator System (BF-150KVA)","construction sites","temporary distribution","commercial investigation","temporary construction generator | generator sizing | starting load","Relate recent worksite-power developments to sizing workflow.","One current primary or government source within the 90-day window | One independent current source within the 90-day window","/products/generator-systems/gen-bf-150kva-144 | /news | /products | /request-a-quote","high","generator-systems:construction-sites:temporary-distribution","research-pending"
"TOPIC-08","Prime Power vs Standby Power: Questions Buyers Should Resolve Before Selection","Silent Diesel Generator System (ZD-30)","remote infrastructure","duty classification","informational","prime power generator | standby generator | generator duty rating","Use recent resilience or infrastructure sources only where material.","One current primary or government source within the 90-day window | One independent current source within the 90-day window","/products/generator-systems/gen-zd-30-145 | /news | /products | /request-a-quote","high","generator-systems:remote-infrastructure:duty-classification","research-pending"
"TOPIC-09","Silent Diesel Generators for Remote Worksites: Installation and Service Planning","Silent Diesel Generator System (ZD-20)","remote mining operations","remote power support","commercial investigation","silent diesel generator | remote site power | generator service planning","Track logistics, power availability and site constraints.","One current primary or government source within the 90-day window | One independent current source within the 90-day window","/products/generator-systems/gen-zd-20-146 | /news | /products | /request-a-quote","high","generator-systems:remote-mining-operations:remote-power-support","research-pending"
"TOPIC-10","Open-Frame Generator Constraints for Project-Site Power Planning","Silent Diesel Generator System (ZD-1000)","construction sites","temporary outdoor power","informational","open frame diesel generator | construction power | generator ventilation","Use project and safety sources; no noise or output claims without evidence.","One current primary or government source within the 90-day window | One independent current source within the 90-day window","/products/generator-systems/gen-zd-1000-147 | /news | /products | /request-a-quote","high","generator-systems:construction-sites:temporary-outdoor-power","research-pending"
"TOPIC-11","Load Steps, Motor Starting and Generator Selection for Contractor Fleets","Diesel Generator System (ZD-80)","equipment rental","mixed motor loads","commercial investigation","generator load step | motor starting generator | rental generator selection","Use recent rental or construction power developments.","One current primary or government source within the 90-day window | One independent current source within the 90-day window","/products/generator-systems/gen-zd-80-148 | /news | /products | /request-a-quote","high","generator-systems:equipment-rental:mixed-motor-loads","research-pending"
"TOPIC-12","Fuel and Service Planning for Diesel Generator Use at Remote Sites","Diesel Mobile Generator System (UGT-1600)","remote infrastructure","off-grid temporary power","informational","diesel generator fuel planning | remote generator service | temporary power logistics","Tie news to operations planning, not supplier claims.","One current primary or government source within the 90-day window | One independent current source within the 90-day window","/products/generator-systems/gen-ugt-1600-170 | /news | /products | /request-a-quote","high","generator-systems:remote-infrastructure:off-grid-temporary-power","research-pending"
"TOPIC-13","Choosing a Water-Well Drilling Rig for Agricultural Irrigation Projects","Water-Well Drilling Rig (FY300)","agricultural irrigation","water-well construction","commercial investigation","water well drilling rig | irrigation well drilling | drilling depth selection","Monitor public water infrastructure and drilling-program announcements.","One current primary or government source within the 90-day window | One independent current source within the 90-day window","/products/drilling-equipment/rig-fy300-150 | /news | /products | /request-a-quote","medium","drilling-equipment:agricultural-irrigation:water-well-construction","research-pending"
"TOPIC-14","Air Drilling vs Mud Drilling for Water-Well Project Planning","Drilling Rig (FY680)","water well drilling","circulation method selection","informational","air drilling vs mud drilling | water well drilling method | drilling fluid planning","Use association and project sources to frame methods.","One current primary or government source within the 90-day window | One independent current source within the 90-day window","/products/drilling-equipment/rig-fy680-151 | /news | /products | /request-a-quote","medium","drilling-equipment:water-well-drilling:circulation-method-selection","research-pending"
"TOPIC-15","Crawler Drilling Rig Mobility: Terrain, Access and Setup Questions","Crawler Drilling Rig (HT500)","road and railway construction","site access","commercial investigation","crawler drilling rig | drilling rig terrain | site setup","Recent mobilisation announcements can provide context, not performance evidence.","One current primary or government source within the 90-day window | One independent current source within the 90-day window","/products/drilling-equipment/rig-ht500-152 | /news | /products | /request-a-quote","medium","drilling-equipment:road-and-railway-construction:site-access","research-pending"
"TOPIC-16","How Hole Diameter, Depth and Torque Shape Drilling-Rig Selection","Drilling Rig (KH103)","foundation and anchoring","bore design","informational","drilling rig torque | hole diameter drilling | drilling depth selection","Use technical sources and field-plan context.","One current primary or government source within the 90-day window | One independent current source within the 90-day window","/products/drilling-equipment/rig-kh103-153 | /news | /products | /request-a-quote","medium","drilling-equipment:foundation-and-anchoring:bore-design","research-pending"
"TOPIC-17","DTH Drilling Workflow for Quarry and Rock-Drilling Projects","DTH Crawler Drilling Rig (KH612)","mining and quarrying","production drilling","informational","DTH drilling workflow | quarry drilling rig | rock drilling planning","Use two independent recent drilling-program sources before drafting.","NEWS-ALIEN-2026-07-03 | NEWS-ADNOC-2026-06-25","/products/drilling-equipment/rig-kh612-154 | /news | /products | /request-a-quote","medium","drilling-equipment:mining-and-quarrying:production-drilling","research-ready"
"TOPIC-18","What a Phased Drilling Mobilisation Plan Should Include","DTH Drilling Rig (KH712)","mining exploration","access-cleared drilling","informational","drilling mobilisation plan | drill pad access | drilling project planning","Use recent listed-company drilling announcements as the news context.","One current primary or government source within the 90-day window | One independent current source within the 90-day window","/products/drilling-equipment/rig-kh712-155 | /news | /products | /request-a-quote","medium","drilling-equipment:mining-exploration:access-cleared-drilling","research-pending"
"TOPIC-19","DTH Hammer and Drill Bit Selection for Hard-Rock Drilling","Drilling Tool (YT24)","mining and quarrying","hard-rock DTH drilling","commercial investigation","DTH hammer selection | DTH drill bit | hard rock drilling tools","Pair current drilling-program context with approved technical references.","One current primary or government source within the 90-day window | One independent current source within the 90-day window","/products/drilling-consumables/tool-yt24-158 | /news | /products | /request-a-quote","medium","drilling-consumables:mining-and-quarrying:hard-rock-DTH-drilling","research-pending"
"TOPIC-20","Drill Pipe Matching for Air-Drilling and Water-Well Projects","Drilling Tool (Y24)","water well drilling","drill-string planning","informational","drill pipe selection | air drilling pipe | water well drill string","Track drilling project needs; do not claim compatibility without confirmation.","One current primary or government source within the 90-day window | One independent current source within the 90-day window","/products/drilling-consumables/tool-y24-159 | /news | /products | /request-a-quote","medium","drilling-consumables:water-well-drilling:drill-string-planning","research-pending"
"TOPIC-21","Rock Drill Tool Replacement Planning: What to Confirm Before Ordering","Drilling Tool (ZD-89)","road construction","tool replacement","commercial investigation","rock drill tools | drilling tool replacement | shank compatibility","Use operational planning angle rather than supplier catalog claims.","One current primary or government source within the 90-day window | One independent current source within the 90-day window","/products/drilling-consumables/tool-zd-89-163 | /news | /products | /request-a-quote","medium","drilling-consumables:road-construction:tool-replacement","research-pending"
"TOPIC-22","How Flushing Method and Formation Affect Drill-Tool Wear Review","Drilling Tool (YT27)","geotechnical investigation","tool wear planning","informational","drill bit wear | drilling flushing | formation drilling tools","Require verified operating context before article drafting.","One current primary or government source within the 90-day window | One independent current source within the 90-day window","/products/drilling-consumables/tool-yt27-184 | /news | /products | /request-a-quote","medium","drilling-consumables:geotechnical-investigation:tool-wear-planning","research-pending"
"TOPIC-23","Preparing a DTH Tooling List for a Remote Drilling Campaign","Drilling Tool (YT29A)","remote infrastructure","consumables planning","commercial investigation","DTH tooling list | remote drilling consumables | drilling campaign planning","Use current mobilisation news only as contextual input.","One current primary or government source within the 90-day window | One independent current source within the 90-day window","/products/drilling-consumables/tool-yt29a-185 | /news | /products | /request-a-quote","medium","drilling-consumables:remote-infrastructure:consumables-planning","research-pending"
"TOPIC-24","Thread, Shank and Interface Checks for Drilling-Tool Procurement","Drilling Tool (YT28)","construction sites","interface verification","informational","drilling tool thread | rock drill shank | tool compatibility","Prioritize safety and traceability questions.","One current primary or government source within the 90-day window | One independent current source within the 90-day window","/products/drilling-consumables/tool-yt28-193 | /news | /products | /request-a-quote","medium","drilling-consumables:construction-sites:interface-verification","research-pending"
"TOPIC-25","Solar Mobile Light Towers for Night Roadwork: Selection Factors and Operating Conditions","Solar Mobile Light Tower (UST600L)","roadworks","night work lighting","commercial investigation","solar mobile light tower | night roadwork lighting | mobile lighting selection","Monitor mobile energy and worksite-lighting developments.","One current primary or government source within the 90-day window | One independent current source within the 90-day window","/products/mobile-lighting-systems/tower-ust600l-090 | /news | /products | /request-a-quote","low","mobile-lighting-systems:roadworks:night-work-lighting","research-pending"
"TOPIC-26","How Hybrid Light Towers Support Temporary Mining and Construction Sites","Solar Surveillance Mobile Light Tower (UST1200)","mining and construction","temporary site lighting","commercial investigation","hybrid light tower | mining site lighting | construction lighting tower","Use recent worksite-power developments without transferring supplier features.","One current primary or government source within the 90-day window | One independent current source within the 90-day window","/products/mobile-lighting-systems/tower-ust1200-099 | /news | /products | /request-a-quote","low","mobile-lighting-systems:mining-and-construction:temporary-site-lighting","research-pending"
"TOPIC-27","Solar Security Towers for Remote Sites: Energy, Communications and Placement Questions","Mobile Light Tower (UGT-10QL)","remote site security","off-grid monitoring","commercial investigation","solar security tower | remote site CCTV trailer | off grid site monitoring","Use two recent sources on mobile security and site power before drafting.","NEWS-RING-2026-07-08 | NEWS-HONDA-2026-06-15","/products/mobile-lighting-systems/tower-ugt-10ql-102 | /news | /products | /request-a-quote","low","mobile-lighting-systems:remote-site-security:off-grid-monitoring","research-ready"
"TOPIC-28","Battery Capacity, Lighting Load and Night-Time Planning for Mobile Towers","Diesel Mobile Light Tower (UGT-1600)","construction sites","night-shift lighting","informational","battery mobile light tower | lighting load | night time site lighting","Use recent battery-system developments as context only.","One current primary or government source within the 90-day window | One independent current source within the 90-day window","/products/mobile-lighting-systems/tower-ugt-1600-103 | /news | /products | /request-a-quote","low","mobile-lighting-systems:construction-sites:night-shift-lighting","research-pending"
"TOPIC-29","Mast Height, Trailer Access and Deployment Planning for Remote Light Towers","Diesel Mobile Light Tower (GDQ5A-4R)","emergency response","temporary deployment","informational","mobile light tower mast height | light tower trailer | emergency lighting deployment","Track emergency or remote-site logistics updates.","One current primary or government source within the 90-day window | One independent current source within the 90-day window","/products/mobile-lighting-systems/tower-gdq5a-4r-104 | /news | /products | /request-a-quote","low","mobile-lighting-systems:emergency-response:temporary-deployment","research-pending"
"TOPIC-30","CCTV and Lighting Integration for Temporary Worksite Security","Diesel Mobile Light Tower (UGT4000PLED)","construction sites","site security","commercial investigation","CCTV light tower | temporary site security | mobile surveillance tower","Use current security-tower news plus independent construction context.","One current primary or government source within the 90-day window | One independent current source within the 90-day window","/products/mobile-lighting-systems/tower-ugt4000pled-106 | /news | /products | /request-a-quote","low","mobile-lighting-systems:construction-sites:site-security","research-pending"
"TOPIC-31","How Suspended Magnetic Separators Protect Crushers in Aggregate Processing","Permanent Magnetic Separator (ZD15LV-8)","aggregate and quarrying","conveyor protection","commercial investigation","suspended magnetic separator | crusher protection | aggregate tramp iron removal","Monitor aggregate processing and equipment-protection developments.","One current primary or government source within the 90-day window | One independent current source within the 90-day window","/products/magnetic-separators/mag-zd15lv-8-124 | /news | /products | /request-a-quote","low","magnetic-separators:aggregate-and-quarrying:conveyor-protection","research-pending"
"TOPIC-32","Dry Drum vs Wet Drum Magnetic Separation in Mineral Processing","Permanent Magnetic Separator (ZD15LV-8)","mineral processing","feed-condition selection","informational","dry drum magnetic separator | wet drum magnetic separator | mineral processing separation","Use process context; do not infer recovery data.","One current primary or government source within the 90-day window | One independent current source within the 90-day window","/products/magnetic-separators/mag-zd15lv-8-124 | /news | /products | /request-a-quote","low","magnetic-separators:mineral-processing:feed-condition-selection","research-pending"
"TOPIC-33","How Overband Magnets Support Ferrous Removal in Recycling Lines","Permanent Magnetic Separator (ZD15LV-8)","recycling sorting","conveyor ferrous removal","commercial investigation","overband magnet | recycling ferrous removal | self cleaning magnetic separator","Use two independent recent recycling and separation developments before drafting.","One current primary or government source within the 90-day window | One independent current source within the 90-day window","/products/magnetic-separators/mag-zd15lv-8-124 | /news | /products | /request-a-quote","low","magnetic-separators:recycling-sorting:conveyor-ferrous-removal","research-pending"
"TOPIC-34","What Recycling Projects Reveal About Material Traceability Before Separation","Permanent Magnetic Separator (ZD15LV-8)","recycling sorting","feedstock traceability","informational","magnet recycling traceability | recycling sorting equipment | material stream review","Use the CoTec and Metal Tech News candidates as sector context only.","NEWS-COTEC-2026-06-22 | NEWS-GEOMEGA-2026-06-04","/products/magnetic-separators/mag-zd15lv-8-124 | /news | /products | /request-a-quote","low","magnetic-separators:recycling-sorting:feedstock-traceability","research-ready"
"TOPIC-35","Selecting Manual-Clean or Self-Cleaning Magnetic Separation for Bulk Handling","Permanent Magnetic Separator (ZD15LV-8)","cement and bulk handling","cleaning-duty selection","commercial investigation","self cleaning magnetic separator | manual clean magnet | bulk material handling","Track bulk-handling operations and safety developments.","One current primary or government source within the 90-day window | One independent current source within the 90-day window","/products/magnetic-separators/mag-zd15lv-8-124 | /news | /products | /request-a-quote","low","magnetic-separators:cement-and-bulk-handling:cleaning-duty-selection","research-pending"
"TOPIC-36","Magnetic Separation Questions for Scrap and Waste-Processing Feed Streams","Permanent Magnetic Separator (ZD15LV-8)","waste processing","mixed feed sorting","informational","magnetic separation waste processing | scrap sorting equipment | tramp metal removal","Use independent recycling developments and verified material-stream context.","One current primary or government source within the 90-day window | One independent current source within the 90-day window","/products/magnetic-separators/mag-zd15lv-8-124 | /news | /products | /request-a-quote","low","magnetic-separators:waste-processing:mixed-feed-sorting","research-pending"
