category,productName,productUrl,canonicalId,modelReference,pageStatus,auditStatus,reviewReason,imageStatus,parameterStatus
"magnetic-separators","RCYD Automatic-Discharge Permanent Magnetic Separator","/products/magnetic-separators/mag-rcyd-001","cp-001-magnetic-separators-rcyd","RCYD","configuration-review","requires-owner-confirmation","Audit status: requires-owner-confirmation.","Authorized project image available","Request verified specifications"
"magnetic-separators","RCDD Electromagnetic Magnetic Separator","/products/magnetic-separators/mag-rcdd-002","cp-002-magnetic-separators-rcdd","RCDD","configuration-review","requires-owner-confirmation","Audit status: requires-owner-confirmation.","Authorized project image available","Request verified specifications"
"magnetic-separators","RCYB Permanent Magnetic Separator","/products/magnetic-separators/mag-rcyb-003","cp-003-magnetic-separators-rcyb","RCYB","configuration-review","requires-owner-confirmation","Audit status: requires-owner-confirmation.","Authorized project image available","Request verified specifications"
"magnetic-separators","RCDB Electromagnetic Magnetic Separator","/products/magnetic-separators/mag-rcdb-004","cp-004-magnetic-separators-rcdb","RCDB","configuration-review","requires-owner-confirmation","Audit status: requires-owner-confirmation.","Authorized project image available","Request verified specifications"
"magnetic-separators","Magnetic Separator","/products/magnetic-separators/mag-series-005-005","cp-005-magnetic-separators-magnetic-separator","Series-005","configuration-review","duplicate","Audit status: duplicate.","Authorized project image available","Request verified specifications"
"magnetic-separators","Magnetic Separator","/products/magnetic-separators/mag-series-006-006","cp-005-magnetic-separators-magnetic-separator","Series-006","configuration-review","duplicate","Audit status: duplicate.","Authorized project image available","Request verified specifications"
"magnetic-separators","Dry Drum Magnetic Separator","/products/magnetic-separators/mag-series-007-007","cp-006-magnetic-separators-dry-drum-magnetic-separator","Series-007","configuration-review","generic-series","Audit status: generic-series.","Authorized project image available","Request verified specifications"
"magnetic-separators","Wet Drum Magnetic Separator","/products/magnetic-separators/mag-series-008-008","cp-007-magnetic-separators-wet-drum-magnetic-separator","Series-008","configuration-review","generic-series","Audit status: generic-series.","Authorized project image available","Request verified specifications"
"magnetic-separators","Magnetic Separator","/products/magnetic-separators/mag-series-009-009","cp-005-magnetic-separators-magnetic-separator","Series-009","configuration-review","duplicate","Audit status: duplicate.","Authorized project image available","Request verified specifications"
"magnetic-separators","Magnetic Separator","/products/magnetic-separators/mag-series-010-010","cp-005-magnetic-separators-magnetic-separator","Series-010","configuration-review","duplicate","Audit status: duplicate.","Authorized project image available","Request verified specifications"
"magnetic-separators","Magnetic Separator","/products/magnetic-separators/mag-series-011-011","cp-005-magnetic-separators-magnetic-separator","Series-011","configuration-review","duplicate","Audit status: duplicate.","Authorized project image available","Request verified specifications"
"magnetic-separators","Wet Magnetic Separator","/products/magnetic-separators/mag-series-012-012","cp-008-magnetic-separators-wet-magnetic-separator","Series-012","configuration-review","duplicate","Audit status: duplicate.","Authorized project image available","Request verified specifications"
"magnetic-separators","Wet Magnetic Separator","/products/magnetic-separators/mag-series-013-013","cp-008-magnetic-separators-wet-magnetic-separator","Series-013","configuration-review","duplicate","Audit status: duplicate.","Authorized project image available","Request verified specifications"
"magnetic-separators","Drum Magnetic Separator","/products/magnetic-separators/mag-series-014-014","cp-009-magnetic-separators-drum-magnetic-separator","Series-014","configuration-review","duplicate","Audit status: duplicate.","Authorized project image available","Request verified specifications"
"magnetic-separators","Dry Magnetic Separator","/products/magnetic-separators/mag-series-015-015","cp-010-magnetic-separators-dry-magnetic-separator","Series-015","configuration-review","duplicate","Audit status: duplicate.","Authorized project image available","Request verified specifications"
"magnetic-separators","Magnetic Separator","/products/magnetic-separators/mag-series-016-016","cp-005-magnetic-separators-magnetic-separator","Series-016","configuration-review","duplicate","Audit status: duplicate.","Authorized project image available","Request verified specifications"
"magnetic-separators","Drum Magnetic Separator","/products/magnetic-separators/mag-series-017-017","cp-009-magnetic-separators-drum-magnetic-separator","Series-017","configuration-review","duplicate","Audit status: duplicate.","Authorized project image available","Request verified specifications"
"magnetic-separators","Drum Magnetic Separator","/products/magnetic-separators/mag-series-018-018","cp-009-magnetic-separators-drum-magnetic-separator","Series-018","configuration-review","duplicate","Audit status: duplicate.","Authorized project image available","Request verified specifications"
"magnetic-separators","RCDA Electromagnetic Magnetic Separator","/products/magnetic-separators/mag-rcda-019","cp-011-magnetic-separators-rcda","RCDA","configuration-review","requires-owner-confirmation","Audit status: requires-owner-confirmation.","Authorized project image available","Request verified specifications"
"magnetic-separators","RCDC Automatic-Discharge Electromagnetic Magnetic Separator","/products/magnetic-separators/mag-rcdc-020","cp-012-magnetic-separators-rcdc","RCDC","configuration-review","requires-owner-confirmation","Audit status: requires-owner-confirmation.","Authorized project image available","Request verified specifications"
"magnetic-separators","RCDE Electromagnetic Magnetic Separator","/products/magnetic-separators/mag-rcde-021","cp-013-magnetic-separators-rcde","RCDE","configuration-review","requires-owner-confirmation","Audit status: requires-owner-confirmation.","Authorized project image available","Request verified specifications"
"magnetic-separators","RCDF Automatic-Discharge Electromagnetic Magnetic Separator","/products/magnetic-separators/mag-rcdf-022","cp-014-magnetic-separators-rcdf","RCDF","configuration-review","requires-owner-confirmation","Audit status: requires-owner-confirmation.","Authorized project image available","Request verified specifications"
"magnetic-separators","RCDFJ Automatic-Discharge Electromagnetic Magnetic Separator","/products/magnetic-separators/mag-rcdfj-023","cp-015-magnetic-separators-rcdfj","RCDFJ","configuration-review","requires-owner-confirmation","Audit status: requires-owner-confirmation.","Authorized project image available","Request verified specifications"
"magnetic-separators","RCPS Automatic-Discharge Permanent Magnetic Separator","/products/magnetic-separators/mag-rcps-024","cp-016-magnetic-separators-rcps","RCPS","configuration-review","requires-owner-confirmation","Audit status: requires-owner-confirmation.","Authorized project image available","Request verified specifications"
"magnetic-separators","Drum Magnetic Separator","/products/magnetic-separators/mag-series-025-025","cp-009-magnetic-separators-drum-magnetic-separator","Series-025","configuration-review","duplicate","Audit status: duplicate.","Authorized project image available","Request verified specifications"
"magnetic-separators","RCYA Permanent Magnetic Separator","/products/magnetic-separators/mag-rcya-026","cp-017-magnetic-separators-rcya","RCYA","configuration-review","requires-owner-confirmation","Audit status: requires-owner-confirmation.","Authorized project image available","Request verified specifications"
"magnetic-separators","RCYDII Automatic-Discharge Permanent Magnetic Separator","/products/magnetic-separators/mag-rcydii-027","cp-018-magnetic-separators-rcydii","RCYDII","configuration-review","requires-owner-confirmation","Audit status: requires-owner-confirmation.","Authorized project image available","Request verified specifications"
"magnetic-separators","RCYE Automatic-Discharge Permanent Magnetic Separator","/products/magnetic-separators/mag-rcye-028","cp-019-magnetic-separators-rcye","RCYE","configuration-review","requires-owner-confirmation","Audit status: requires-owner-confirmation.","Authorized project image available","Request verified specifications"
"magnetic-separators","RCYF Permanent Magnetic Separator","/products/magnetic-separators/mag-rcyf-029","cp-020-magnetic-separators-rcyf","RCYF","configuration-review","requires-owner-confirmation","Audit status: requires-owner-confirmation.","Authorized project image available","Request verified specifications"
"magnetic-separators","RCYG Automatic-Discharge Permanent Magnetic Separator","/products/magnetic-separators/mag-rcyg-030","cp-021-magnetic-separators-rcyg","RCYG","configuration-review","requires-owner-confirmation","Audit status: requires-owner-confirmation.","Authorized project image available","Request verified specifications"
"magnetic-separators","RCYP Automatic-Discharge Manual-Clean Permanent Magnetic Separator","/products/magnetic-separators/mag-rcyp-031","cp-022-magnetic-separators-rcyp","RCYP","configuration-review","requires-owner-confirmation","Audit status: requires-owner-confirmation.","Authorized project image available","Request verified specifications"
"magnetic-separators","RCYZ Permanent Magnetic Separator","/products/magnetic-separators/mag-rcyz-032","cp-023-magnetic-separators-rcyz","RCYZ","configuration-review","duplicate","Audit status: duplicate.","Authorized project image available","Request verified specifications"
"magnetic-separators","Magnetic Separator","/products/magnetic-separators/mag-series-033-033","cp-005-magnetic-separators-magnetic-separator","Series-033","configuration-review","duplicate","Audit status: duplicate.","Authorized project image available","Request verified specifications"
"magnetic-separators","Wet Magnetic Separator","/products/magnetic-separators/mag-series-034-034","cp-008-magnetic-separators-wet-magnetic-separator","Series-034","configuration-review","duplicate","Audit status: duplicate.","Authorized project image available","Request verified specifications"
"magnetic-separators","Wet Magnetic Separator","/products/magnetic-separators/mag-series-035-035","cp-008-magnetic-separators-wet-magnetic-separator","Series-035","configuration-review","duplicate","Audit status: duplicate.","Authorized project image available","Request verified specifications"
"magnetic-separators","Dry Magnetic Separator","/products/magnetic-separators/mag-series-036-036","cp-010-magnetic-separators-dry-magnetic-separator","Series-036","configuration-review","duplicate","Audit status: duplicate.","Authorized project image available","Request verified specifications"
"magnetic-separators","Wet Plate Magnetic Separator","/products/magnetic-separators/mag-series-037-037","cp-024-magnetic-separators-wet-plate-magnetic-separator","Series-037","configuration-review","generic-series","Audit status: generic-series.","Authorized project image available","Request verified specifications"
"magnetic-separators","Wet Magnetic Separator","/products/magnetic-separators/mag-series-038-038","cp-008-magnetic-separators-wet-magnetic-separator","Series-038","configuration-review","duplicate","Audit status: duplicate.","Authorized project image available","Request verified specifications"
"magnetic-separators","Wet Magnetic Separator","/products/magnetic-separators/mag-series-039-039","cp-008-magnetic-separators-wet-magnetic-separator","Series-039","configuration-review","duplicate","Audit status: duplicate.","Authorized project image available","Request verified specifications"
"magnetic-separators","Magnetic Separator","/products/magnetic-separators/mag-series-040-040","cp-005-magnetic-separators-magnetic-separator","Series-040","configuration-review","duplicate","Audit status: duplicate.","Authorized project image available","Request verified specifications"
"magnetic-separators","Wet Magnetic Separator","/products/magnetic-separators/mag-series-041-041","cp-008-magnetic-separators-wet-magnetic-separator","Series-041","configuration-review","duplicate","Audit status: duplicate.","Authorized project image available","Request verified specifications"
"magnetic-separators","Permanent Dry Magnetic Separator","/products/magnetic-separators/mag-series-042-042","cp-025-magnetic-separators-permanent-dry-magnetic-separator","Series-042","configuration-review","generic-series","Audit status: generic-series.","Authorized project image available","Request verified specifications"
"magnetic-separators","Wet Magnetic Separator","/products/magnetic-separators/mag-series-043-043","cp-008-magnetic-separators-wet-magnetic-separator","Series-043","configuration-review","duplicate","Audit status: duplicate.","Authorized project image available","Request verified specifications"
"magnetic-separators","Wet Magnetic Separator","/products/magnetic-separators/mag-series-044-044","cp-008-magnetic-separators-wet-magnetic-separator","Series-044","configuration-review","duplicate","Audit status: duplicate.","Authorized project image available","Request verified specifications"
"magnetic-separators","Magnetic Separator","/products/magnetic-separators/mag-series-045-045","cp-005-magnetic-separators-magnetic-separator","Series-045","configuration-review","duplicate","Audit status: duplicate.","Authorized project image available","Request verified specifications"
"magnetic-separators","Dry Magnetic Separator","/products/magnetic-separators/mag-series-046-046","cp-010-magnetic-separators-dry-magnetic-separator","Series-046","configuration-review","duplicate","Audit status: duplicate.","Authorized project image available","Request verified specifications"
"magnetic-separators","Magnetic Separator","/products/magnetic-separators/mag-series-047-047","cp-005-magnetic-separators-magnetic-separator","Series-047","configuration-review","duplicate","Audit status: duplicate.","Authorized project image available","Request verified specifications"
"magnetic-separators","Magnetic Separator","/products/magnetic-separators/mag-series-048-048","cp-005-magnetic-separators-magnetic-separator","Series-048","configuration-review","duplicate","Audit status: duplicate.","Authorized project image available","Request verified specifications"
"magnetic-separators","Magnetic Separator","/products/magnetic-separators/mag-series-049-049","cp-005-magnetic-separators-magnetic-separator","Series-049","configuration-review","duplicate","Audit status: duplicate.","Authorized project image available","Request verified specifications"
"magnetic-separators","Magnetic Separator","/products/magnetic-separators/mag-series-050-050","cp-005-magnetic-separators-magnetic-separator","Series-050","configuration-review","duplicate","Audit status: duplicate.","Authorized project image available","Request verified specifications"
"magnetic-separators","Magnetic Separator","/products/magnetic-separators/mag-series-051-051","cp-005-magnetic-separators-magnetic-separator","Series-051","configuration-review","duplicate","Audit status: duplicate.","Authorized project image available","Request verified specifications"
"magnetic-separators","Magnetic Separator","/products/magnetic-separators/mag-series-052-052","cp-005-magnetic-separators-magnetic-separator","Series-052","configuration-review","duplicate","Audit status: duplicate.","Authorized project image available","Request verified specifications"
"magnetic-separators","Permanent Suspended Magnetic Separator","/products/magnetic-separators/mag-series-053-053","cp-026-magnetic-separators-permanent-suspended-magnetic-separator","Series-053","configuration-review","generic-series","Audit status: generic-series.","Authorized project image available","Request verified specifications"
"magnetic-separators","Electromagnetic Suspended Magnetic Separator","/products/magnetic-separators/mag-series-054-054","cp-027-magnetic-separators-electromagnetic-suspended-magnetic-separator","Series-054","configuration-review","generic-series","Audit status: generic-series.","Authorized project image available","Request verified specifications"
"magnetic-separators","Metal-Detection Magnetic Separator","/products/magnetic-separators/mag-series-055-055","cp-028-magnetic-separators-metal-detection-magnetic-separator","Series-055","configuration-review","duplicate","Audit status: duplicate.","Authorized project image available","Request verified specifications"
"magnetic-separators","Metal-Detection Magnetic Separator","/products/magnetic-separators/mag-series-056-056","cp-028-magnetic-separators-metal-detection-magnetic-separator","Series-056","configuration-review","duplicate","Audit status: duplicate.","Authorized project image available","Request verified specifications"
"magnetic-separators","Eddy-Current Magnetic Separator","/products/magnetic-separators/mag-series-057-057","cp-029-magnetic-separators-eddy-current-magnetic-separator","Series-057","configuration-review","duplicate","Audit status: duplicate.","Authorized project image available","Request verified specifications"
"magnetic-separators","Eddy-Current Magnetic Separator","/products/magnetic-separators/mag-series-058-058","cp-029-magnetic-separators-eddy-current-magnetic-separator","Series-058","configuration-review","duplicate","Audit status: duplicate.","Authorized project image available","Request verified specifications"
"magnetic-separators","Drum Magnetic Separator","/products/magnetic-separators/mag-series-059-059","cp-009-magnetic-separators-drum-magnetic-separator","Series-059","configuration-review","duplicate","Audit status: duplicate.","Authorized project image available","Request verified specifications"
"magnetic-separators","Eddy-Current Magnetic Separator","/products/magnetic-separators/mag-series-060-060","cp-029-magnetic-separators-eddy-current-magnetic-separator","Series-060","configuration-review","duplicate","Audit status: duplicate.","Authorized project image available","Request verified specifications"
"magnetic-separators","Magnetic Separator","/products/magnetic-separators/mag-series-061-061","cp-005-magnetic-separators-magnetic-separator","Series-061","configuration-review","duplicate","Audit status: duplicate.","Authorized project image available","Request verified specifications"
"magnetic-separators","Magnetic Separator","/products/magnetic-separators/mag-series-062-062","cp-005-magnetic-separators-magnetic-separator","Series-062","configuration-review","duplicate","Audit status: duplicate.","Authorized project image available","Request verified specifications"
"magnetic-separators","Permanent Overband Magnetic Separator","/products/magnetic-separators/mag-series-063-063","cp-030-magnetic-separators-permanent-overband-magnetic-separator","Series-063","configuration-review","generic-series","Audit status: generic-series.","Authorized project image available","Request verified specifications"
"magnetic-separators","Magnetic Separator","/products/magnetic-separators/mag-series-064-064","cp-005-magnetic-separators-magnetic-separator","Series-064","configuration-review","duplicate","Audit status: duplicate.","Authorized project image available","Request verified specifications"
"magnetic-separators","Magnetic Separator","/products/magnetic-separators/mag-series-065-065","cp-005-magnetic-separators-magnetic-separator","Series-065","configuration-review","duplicate","Audit status: duplicate.","Authorized project image available","Request verified specifications"
"magnetic-separators","Wet Magnetic Separator","/products/magnetic-separators/mag-series-066-066","cp-008-magnetic-separators-wet-magnetic-separator","Series-066","configuration-review","duplicate","Audit status: duplicate.","Authorized project image available","Request verified specifications"
"magnetic-separators","Roller Magnetic Separator","/products/magnetic-separators/mag-series-067-067","cp-031-magnetic-separators-roller-magnetic-separator","Series-067","configuration-review","duplicate","Audit status: duplicate.","Authorized project image available","Request verified specifications"
"magnetic-separators","Wet Magnetic Separator","/products/magnetic-separators/mag-series-068-068","cp-008-magnetic-separators-wet-magnetic-separator","Series-068","configuration-review","duplicate","Audit status: duplicate.","Authorized project image available","Request verified specifications"
"magnetic-separators","RCYZ Magnetic Separator","/products/magnetic-separators/mag-rcyz-069","cp-023-magnetic-separators-rcyz","RCYZ","configuration-review","duplicate","Audit status: duplicate.","Authorized project image available","Request verified specifications"
"magnetic-separators","Magnetic Separator","/products/magnetic-separators/mag-series-070-070","cp-005-magnetic-separators-magnetic-separator","Series-070","configuration-review","duplicate","Audit status: duplicate.","Authorized project image available","Request verified specifications"
"magnetic-separators","Roller Magnetic Separator","/products/magnetic-separators/mag-series-071-071","cp-031-magnetic-separators-roller-magnetic-separator","Series-071","configuration-review","duplicate","Audit status: duplicate.","Authorized project image available","Request verified specifications"
"magnetic-separators","Roller Magnetic Separator","/products/magnetic-separators/mag-series-072-072","cp-031-magnetic-separators-roller-magnetic-separator","Series-072","configuration-review","duplicate","Audit status: duplicate.","Authorized project image available","Request verified specifications"
"magnetic-separators","Wet Roller Magnetic Separator","/products/magnetic-separators/mag-series-073-073","cp-032-magnetic-separators-wet-roller-magnetic-separator","Series-073","configuration-review","generic-series","Audit status: generic-series.","Authorized project image available","Request verified specifications"
"magnetic-separators","Magnetic Separator","/products/magnetic-separators/mag-series-074-074","cp-005-magnetic-separators-magnetic-separator","Series-074","configuration-review","duplicate","Audit status: duplicate.","Authorized project image available","Request verified specifications"
"magnetic-separators","Magnetic Separator","/products/magnetic-separators/mag-series-075-075","cp-005-magnetic-separators-magnetic-separator","Series-075","configuration-review","duplicate","Audit status: duplicate.","Authorized project image available","Request verified specifications"
"magnetic-separators","Magnetic Separator","/products/magnetic-separators/mag-series-076-076","cp-005-magnetic-separators-magnetic-separator","Series-076","configuration-review","duplicate","Audit status: duplicate.","Authorized project image available","Request verified specifications"
"magnetic-separators","Magnetic Separator","/products/magnetic-separators/mag-series-077-077","cp-005-magnetic-separators-magnetic-separator","Series-077","configuration-review","duplicate","Audit status: duplicate.","Authorized project image available","Request verified specifications"
"magnetic-separators","Magnetic Separator","/products/magnetic-separators/mag-series-078-078","cp-005-magnetic-separators-magnetic-separator","Series-078","configuration-review","duplicate","Audit status: duplicate.","Authorized project image available","Request verified specifications"
"magnetic-separators","Magnetic Separator","/products/magnetic-separators/mag-series-079-079","cp-005-magnetic-separators-magnetic-separator","Series-079","configuration-review","duplicate","Audit status: duplicate.","Authorized project image available","Request verified specifications"
"magnetic-separators","Permanent Magnetic Separator","/products/magnetic-separators/mag-series-080-080","cp-033-magnetic-separators-permanent-magnetic-separator","Series-080","configuration-review","duplicate","Audit status: duplicate.","Authorized project image available","Request verified specifications"
"magnetic-separators","Magnetic Separator","/products/magnetic-separators/mag-series-081-081","cp-005-magnetic-separators-magnetic-separator","Series-081","configuration-review","duplicate","Audit status: duplicate.","Authorized project image available","Request verified specifications"
"magnetic-separators","Magnetic Separator","/products/magnetic-separators/mag-series-082-082","cp-005-magnetic-separators-magnetic-separator","Series-082","configuration-review","duplicate","Audit status: duplicate.","Authorized project image available","Request verified specifications"
"magnetic-separators","Electromagnetic Magnetic Separator","/products/magnetic-separators/mag-series-083-083","cp-034-magnetic-separators-electromagnetic-magnetic-separator","Series-083","configuration-review","duplicate","Audit status: duplicate.","Authorized project image available","Request verified specifications"
"magnetic-separators","Permanent Magnetic Separator","/products/magnetic-separators/mag-series-084-084","cp-033-magnetic-separators-permanent-magnetic-separator","Series-084","configuration-review","duplicate","Audit status: duplicate.","Authorized project image available","Request verified specifications"
"magnetic-separators","Electromagnetic Magnetic Separator","/products/magnetic-separators/mag-series-085-085","cp-034-magnetic-separators-electromagnetic-magnetic-separator","Series-085","configuration-review","duplicate","Audit status: duplicate.","Authorized project image available","Request verified specifications"
"magnetic-separators","Automatic-Discharge Electromagnetic Magnetic Separator","/products/magnetic-separators/mag-series-086-086","cp-035-magnetic-separators-automatic-discharge-electromagnetic-magnetic-separat","Series-086","configuration-review","generic-series","Audit status: generic-series.","Authorized project image available","Request verified specifications"
"magnetic-separators","Automatic-Discharge Permanent Magnetic Separator","/products/magnetic-separators/mag-series-087-087","cp-036-magnetic-separators-automatic-discharge-permanent-magnetic-separator","Series-087","configuration-review","generic-series","Audit status: generic-series.","Authorized project image available","Request verified specifications"
"magnetic-separators","Electromagnetic Magnetic Separator","/products/magnetic-separators/mag-series-088-088","cp-034-magnetic-separators-electromagnetic-magnetic-separator","Series-088","configuration-review","duplicate","Audit status: duplicate.","Authorized project image available","Request verified specifications"
"mobile-lighting-systems","TOWER-UST300L Solar Mobile Light Tower","/products/mobile-lighting-systems/tower-tower-ust300l-089","cp-037-mobile-lighting-systems-tower-ust300l-solar-mobile-light-tower","","configuration-review","generic-series","Audit status: generic-series.","Authorized project image available","Request verified specifications"
"mobile-lighting-systems","UST600L Solar Mobile Light Tower","/products/mobile-lighting-systems/tower-ust600l-090","cp-038-mobile-lighting-systems-ust600l","UST600L","full-technical-content","verified-model","No profile generated.","Authorized project image available","Captured catalog fields shown; verify before quotation"
"mobile-lighting-systems","SITE-UST900L Solar Mobile Light Tower","/products/mobile-lighting-systems/tower-site-ust900l-091","cp-039-mobile-lighting-systems-site-ust900l-solar-mobile-light-tower","","configuration-review","generic-series","Audit status: generic-series.","Authorized project image available","Request verified specifications"
"mobile-lighting-systems","TOWER-UST1200L Solar Mobile Light Tower","/products/mobile-lighting-systems/tower-tower-ust1200l-092","cp-040-mobile-lighting-systems-tower-ust1200l-solar-mobile-light-tower","","configuration-review","generic-series","Audit status: generic-series.","Authorized project image available","Request verified specifications"
"mobile-lighting-systems","TOWER-UST1800L Solar Mobile Light Tower","/products/mobile-lighting-systems/tower-tower-ust1800l-093","cp-041-mobile-lighting-systems-tower-ust1800l-solar-mobile-light-tower","","configuration-review","generic-series","Audit status: generic-series.","Authorized project image available","Request verified specifications"
"mobile-lighting-systems","TOWER-UST2400L Solar Mobile Light Tower","/products/mobile-lighting-systems/tower-tower-ust2400l-094","cp-042-mobile-lighting-systems-tower-ust2400l-solar-mobile-light-tower","","configuration-review","generic-series","Audit status: generic-series.","Authorized project image available","Request verified specifications"
"mobile-lighting-systems","Solar Mobile Light Tower","/products/mobile-lighting-systems/tower-series-095-095","cp-043-mobile-lighting-systems-solar-mobile-light-tower","","configuration-review","generic-series","Audit status: generic-series.","Authorized project image available","Request verified specifications"
"mobile-lighting-systems","UST-300S Solar Surveillance Mobile Light Tower","/products/mobile-lighting-systems/tower-ust-300s-096","cp-044-mobile-lighting-systems-ust-300s","UST-300S","configuration-review","duplicate","Audit status: duplicate.","Authorized project image available","Request verified specifications"
"mobile-lighting-systems","UST-600S Solar Surveillance Mobile Light Tower","/products/mobile-lighting-systems/tower-ust-600s-097","cp-045-mobile-lighting-systems-ust-600s","UST-600S","configuration-review","duplicate","Audit status: duplicate.","Authorized project image available","Request verified specifications"
"mobile-lighting-systems","UST-900S Solar Surveillance Mobile Light Tower","/products/mobile-lighting-systems/tower-ust-900s-098","cp-046-mobile-lighting-systems-ust-900s","UST-900S","configuration-review","duplicate","Audit status: duplicate.","Authorized project image available","Request verified specifications"
"mobile-lighting-systems","UST1200 Solar Surveillance Mobile Light Tower","/products/mobile-lighting-systems/tower-ust1200-099","cp-047-mobile-lighting-systems-ust1200","UST1200","full-technical-content","verified-model","No profile generated.","Authorized project image available","Captured catalog fields shown; verify before quotation"
"mobile-lighting-systems","BLOCK-UBT300S Solar Surveillance Mobile Light Tower","/products/mobile-lighting-systems/tower-block-ubt300s-100","cp-048-mobile-lighting-systems-block-ubt300s-solar-surveillance-mobile-light-to","","configuration-review","generic-series","Audit status: generic-series.","Authorized project image available","Request verified specifications"
"mobile-lighting-systems","Solar Surveillance Mobile Light Tower","/products/mobile-lighting-systems/tower-series-101-101","cp-049-mobile-lighting-systems-solar-surveillance-mobile-light-tower","","configuration-review","generic-series","Audit status: generic-series.","Authorized project image available","Request verified specifications"
"mobile-lighting-systems","UGT-10QL Mobile Light Tower","/products/mobile-lighting-systems/tower-ugt-10ql-102","cp-050-mobile-lighting-systems-ugt-10ql","UGT-10QL","full-technical-content","verified-model","No profile generated.","Authorized project image available","Captured catalog fields shown; verify before quotation"
"mobile-lighting-systems","UGT-1600 Diesel Mobile Light Tower","/products/mobile-lighting-systems/tower-ugt-1600-103","cp-051-mobile-lighting-systems-ugt-1600","UGT-1600","full-technical-content","verified-model","No profile generated.","Authorized project image available","Captured catalog fields shown; verify before quotation"
"mobile-lighting-systems","GDQ5A-4R Diesel Mobile Light Tower","/products/mobile-lighting-systems/tower-gdq5a-4r-104","cp-052-mobile-lighting-systems-gdq5a-4r","GDQ5A-4R","full-technical-content","verified-model","No profile generated.","Authorized project image available","Captured catalog fields shown; verify before quotation"
"mobile-lighting-systems","UST-600S Solar Surveillance Mobile Light Tower","/products/mobile-lighting-systems/tower-ust-600s-105","cp-045-mobile-lighting-systems-ust-600s","UST-600S","configuration-review","duplicate","Audit status: duplicate.","Authorized project image available","Request verified specifications"
"mobile-lighting-systems","UGT4000PLED Diesel Mobile Light Tower","/products/mobile-lighting-systems/tower-ugt4000pled-106","cp-053-mobile-lighting-systems-ugt4000pled","UGT4000PLED","full-technical-content","verified-model","No profile generated.","Authorized project image available","Captured catalog fields shown; verify before quotation"
"mobile-lighting-systems","UGT4000PMH Diesel Mobile Light Tower","/products/mobile-lighting-systems/tower-ugt4000pmh-107","cp-054-mobile-lighting-systems-ugt4000pmh","UGT4000PMH","full-technical-content","verified-model","No profile generated.","Authorized project image available","Captured catalog fields shown; verify before quotation"
"mobile-lighting-systems","UGT-7000PLED Diesel Mobile Light Tower","/products/mobile-lighting-systems/tower-ugt-7000pled-108","cp-055-mobile-lighting-systems-ugt-7000pled","UGT-7000PLED","full-technical-content","verified-model","No profile generated.","Authorized project image available","Captured catalog fields shown; verify before quotation"
"mobile-lighting-systems","X-CUBE X-CUBE HYBRID Diesel Mobile Light Tower","/products/mobile-lighting-systems/tower-x-cube-x-cube-hybrid-109","cp-056-mobile-lighting-systems-x-cube-x-cube-hybrid","X-CUBE X-CUBE HYBRID","full-technical-content","verified-model","No profile generated.","Authorized project image available","Captured catalog fields shown; verify before quotation"
"mobile-lighting-systems","TRAILERS-UHT7000PLED Mobile Light Tower","/products/mobile-lighting-systems/tower-trailers-uht7000pled-110","cp-057-mobile-lighting-systems-trailers-uht7000pled-mobile-light-tower","","configuration-review","generic-series","Audit status: generic-series.","Authorized project image available","Request verified specifications"
"mobile-lighting-systems","UST-300S Solar Surveillance Mobile Light Tower","/products/mobile-lighting-systems/tower-ust-300s-111","cp-044-mobile-lighting-systems-ust-300s","UST-300S","configuration-review","duplicate","Audit status: duplicate.","Authorized project image available","Request verified specifications"
"mobile-lighting-systems","T-720AP Solar Surveillance Mobile Light Tower","/products/mobile-lighting-systems/tower-t-720ap-112","cp-058-mobile-lighting-systems-t-720ap","T-720AP","full-technical-content","verified-model","No profile generated.","Authorized project image available","Captured catalog fields shown; verify before quotation"
"mobile-lighting-systems","UNI-T1 Solar Surveillance Mobile Light Tower","/products/mobile-lighting-systems/tower-uni-t1-113","cp-059-mobile-lighting-systems-uni-t1","UNI-T1","full-technical-content","verified-model","No profile generated.","Authorized project image available","Captured catalog fields shown; verify before quotation"
"mobile-lighting-systems","UST-600 Solar Surveillance Mobile Light Tower","/products/mobile-lighting-systems/tower-ust-600-114","cp-060-mobile-lighting-systems-ust-600","UST-600","full-technical-content","verified-model","No profile generated.","Authorized project image available","Captured catalog fields shown; verify before quotation"
"mobile-lighting-systems","UNI-T2A Solar Surveillance Mobile Light Tower","/products/mobile-lighting-systems/tower-uni-t2a-115","cp-061-mobile-lighting-systems-uni-t2a","UNI-T2A","full-technical-content","verified-model","No profile generated.","Authorized project image available","Captured catalog fields shown; verify before quotation"
"mobile-lighting-systems","UNI-T2C Solar Surveillance Mobile Light Tower","/products/mobile-lighting-systems/tower-uni-t2c-116","cp-062-mobile-lighting-systems-uni-t2c","UNI-T2C","full-technical-content","verified-model","No profile generated.","Authorized project image available","Captured catalog fields shown; verify before quotation"
"mobile-lighting-systems","UNI-T2H Solar Surveillance Mobile Light Tower","/products/mobile-lighting-systems/tower-uni-t2h-117","cp-063-mobile-lighting-systems-uni-t2h","UNI-T2H","full-technical-content","verified-model","No profile generated.","Authorized project image available","Captured catalog fields shown; verify before quotation"
"mobile-lighting-systems","UST-900S Solar Surveillance Mobile Light Tower","/products/mobile-lighting-systems/tower-ust-900s-118","cp-046-mobile-lighting-systems-ust-900s","UST-900S","configuration-review","duplicate","Audit status: duplicate.","Authorized project image available","Request verified specifications"
"mobile-lighting-systems","UST-900S Solar Surveillance Mobile Light Tower","/products/mobile-lighting-systems/tower-ust-900s-119","cp-046-mobile-lighting-systems-ust-900s","UST-900S","configuration-review","duplicate","Audit status: duplicate.","Authorized project image available","Request verified specifications"
"mobile-lighting-systems","UST-1200S Solar Surveillance Mobile Light Tower","/products/mobile-lighting-systems/tower-ust-1200s-120","cp-064-mobile-lighting-systems-ust-1200s","UST-1200S","configuration-review","duplicate","Audit status: duplicate.","Authorized project image available","Request verified specifications"
"mobile-lighting-systems","UST-1200S Solar Surveillance Mobile Light Tower","/products/mobile-lighting-systems/tower-ust-1200s-121","cp-064-mobile-lighting-systems-ust-1200s","UST-1200S","configuration-review","duplicate","Audit status: duplicate.","Authorized project image available","Request verified specifications"
"compressed-air-equipment","ZD10LG-8 Electric Screw Air Compressor","/products/compressed-air-equipment/air-zd10lg-8-122","cp-065-compressed-air-equipment-zd10lg-8","ZD10LG-8","full-technical-content","verified-model","No profile generated.","Authorized project image available","Captured catalog fields shown; verify before quotation"
"compressed-air-equipment","ZD10LV-8 Screw Air Compressor","/products/compressed-air-equipment/air-zd10lv-8-123","cp-066-compressed-air-equipment-zd10lv-8","ZD10LV-8","full-technical-content","verified-model","No profile generated.","Authorized project image available","Captured catalog fields shown; verify before quotation"
"magnetic-separators","ZD15LV-8 Permanent Magnetic Separator","/products/magnetic-separators/mag-zd15lv-8-124","cp-067-magnetic-separators-zd15lv-8","ZD15LV-8","full-technical-content","verified-model","No profile generated.","Authorized project image available","Captured catalog fields shown; verify before quotation"
"compressed-air-equipment","ZD20 Variable-Speed Screw Air Compressor","/products/compressed-air-equipment/air-zd20-125","cp-068-compressed-air-equipment-zd20","ZD20","configuration-review","requires-owner-confirmation","Audit status: requires-owner-confirmation.","Authorized project image available","Request verified specifications"
"compressed-air-equipment","ZD30 Screw Air Compressor","/products/compressed-air-equipment/air-zd30-126","cp-069-compressed-air-equipment-zd30","ZD30","full-technical-content","verified-model","No profile generated.","Authorized project image available","Captured catalog fields shown; verify before quotation"
"compressed-air-equipment","ZD50LV-8 Electric Portable Screw Air Compressor","/products/compressed-air-equipment/air-zd50lv-8-127","cp-070-compressed-air-equipment-zd50lv-8","ZD50LV-8","configuration-review","duplicate","Audit status: duplicate.","Authorized project image available","Request verified specifications"
"compressed-air-equipment","ZD50LV-8 Electric Screw Air Compressor","/products/compressed-air-equipment/air-zd50lv-8-128","cp-070-compressed-air-equipment-zd50lv-8","ZD50LV-8","configuration-review","duplicate","Audit status: duplicate.","Authorized project image available","Request verified specifications"
"compressed-air-equipment","KYLC-18 Electric Portable Screw Air Compressor","/products/compressed-air-equipment/air-kylc-18-129","cp-071-compressed-air-equipment-kylc-18","KYLC-18","full-technical-content","verified-model","No profile generated.","Authorized project image available","Captured catalog fields shown; verify before quotation"
"compressed-air-equipment","ZDY75D-7 Electric Portable Screw Air Compressor","/products/compressed-air-equipment/air-zdy75d-7-130","cp-072-compressed-air-equipment-zdy75d-7","ZDY75D-7","full-technical-content","verified-model","No profile generated.","Authorized project image available","Captured catalog fields shown; verify before quotation"
"compressed-air-equipment","ZDY90D-7 Electric Portable Screw Air Compressor","/products/compressed-air-equipment/air-zdy90d-7-131","cp-073-compressed-air-equipment-zdy90d-7","ZDY90D-7","full-technical-content","verified-model","No profile generated.","Authorized project image available","Captured catalog fields shown; verify before quotation"
"compressed-air-equipment","ZDY132D-8 Electric Screw Air Compressor","/products/compressed-air-equipment/air-zdy132d-8-132","cp-074-compressed-air-equipment-zdy132d-8","ZDY132D-8","full-technical-content","verified-model","No profile generated.","Authorized project image available","Captured catalog fields shown; verify before quotation"
"compressed-air-equipment","ZDCY 5-8 Diesel Portable Screw Air Compressor","/products/compressed-air-equipment/air-zdcy-5-8-133","cp-075-compressed-air-equipment-zdcy-5-8","ZDCY 5-8","configuration-review","duplicate","Audit status: duplicate.","Authorized project image available","Request verified specifications"
"compressed-air-equipment","ZDYL-20/20 Diesel Portable Screw Air Compressor","/products/compressed-air-equipment/air-zdyl-20-20-134","cp-076-compressed-air-equipment-zdyl-20-20","ZDYL-20/20","full-technical-content","verified-model","No profile generated.","Authorized project image available","Captured catalog fields shown; verify before quotation"
"compressed-air-equipment","ZD-40/25 Diesel Screw Air Compressor","/products/compressed-air-equipment/air-zd-40-25-135","cp-077-compressed-air-equipment-zd-40","ZD-40","full-technical-content","verified-model","No profile generated.","Authorized project image available","Captured catalog fields shown; verify before quotation"
"compressed-air-equipment","ZD-20/20 Diesel Screw Air Compressor","/products/compressed-air-equipment/air-zd-20-20-136","cp-078-compressed-air-equipment-zd-20","ZD-20","full-technical-content","verified-model","No profile generated.","Authorized project image available","Captured catalog fields shown; verify before quotation"
"compressed-air-equipment","Diesel Piston Air Compressor","/products/compressed-air-equipment/air-series-137-137","cp-079-compressed-air-equipment-diesel-piston-air-compressor","","configuration-review","duplicate","Audit status: duplicate.","Authorized project image available","Request verified specifications"
"compressed-air-equipment","Diesel Piston Air Compressor","/products/compressed-air-equipment/air-series-138-138","cp-079-compressed-air-equipment-diesel-piston-air-compressor","","configuration-review","duplicate","Audit status: duplicate.","Authorized project image available","Request verified specifications"
"compressed-air-equipment","Diesel Piston Air Compressor","/products/compressed-air-equipment/air-series-139-139","cp-079-compressed-air-equipment-diesel-piston-air-compressor","","configuration-review","duplicate","Audit status: duplicate.","Authorized project image available","Request verified specifications"
"compressed-air-equipment","Piston Air Compressor","/products/compressed-air-equipment/air-series-140-140","cp-080-compressed-air-equipment-piston-air-compressor","","configuration-review","generic-series","Audit status: generic-series.","Authorized project image available","Request verified specifications"
"compressed-air-equipment","Diesel Portable Piston Air Compressor","/products/compressed-air-equipment/air-series-141-141","cp-081-compressed-air-equipment-diesel-portable-piston-air-compressor","","configuration-review","duplicate","Audit status: duplicate.","Authorized project image available","Request verified specifications"
"compressed-air-equipment","Diesel Portable Piston Air Compressor","/products/compressed-air-equipment/air-series-142-142","cp-081-compressed-air-equipment-diesel-portable-piston-air-compressor","","configuration-review","duplicate","Audit status: duplicate.","Authorized project image available","Request verified specifications"
"compressed-air-equipment","Diesel Portable Piston Air Compressor","/products/compressed-air-equipment/air-series-143-143","cp-081-compressed-air-equipment-diesel-portable-piston-air-compressor","","configuration-review","duplicate","Audit status: duplicate.","Authorized project image available","Request verified specifications"
"generator-systems","BF-150KVA Silent Diesel Generator System","/products/generator-systems/gen-bf-150kva-144","cp-082-generator-systems-bf-150kva","BF-150KVA","full-technical-content","verified-model","No profile generated.","Authorized project image available","Captured catalog fields shown; verify before quotation"
"generator-systems","ZD-30 Silent Diesel Generator System","/products/generator-systems/gen-zd-30-145","cp-083-generator-systems-zd-30","ZD-30","full-technical-content","verified-model","No profile generated.","Authorized project image available","Captured catalog fields shown; verify before quotation"
"generator-systems","ZD-20 Silent Diesel Generator System","/products/generator-systems/gen-zd-20-146","cp-084-generator-systems-zd-20","ZD-20","full-technical-content","verified-model","No profile generated.","Authorized project image available","Captured catalog fields shown; verify before quotation"
"generator-systems","ZD-1000 Silent Diesel Generator System","/products/generator-systems/gen-zd-1000-147","cp-085-generator-systems-zd-1000","ZD-1000","full-technical-content","verified-model","No profile generated.","Authorized project image available","Captured catalog fields shown; verify before quotation"
"generator-systems","ZD-80 Diesel Generator System","/products/generator-systems/gen-zd-80-148","cp-086-generator-systems-zd-80","ZD-80","full-technical-content","verified-model","No profile generated.","Authorized project image available","Captured catalog fields shown; verify before quotation"
"generator-systems","Diesel Generator System","/products/generator-systems/gen-series-149-149","cp-087-generator-systems-diesel-generator-system","","configuration-review","generic-series","Audit status: generic-series.","Authorized project image available","Request verified specifications"
"drilling-equipment","FY300 Water-Well Drilling Rig","/products/drilling-equipment/rig-fy300-150","cp-088-drilling-equipment-fy300","FY300","full-technical-content","verified-model","No profile generated.","Authorized project image available","Captured catalog fields shown; verify before quotation"
"drilling-equipment","FY680 Drilling Rig","/products/drilling-equipment/rig-fy680-151","cp-089-drilling-equipment-fy680","FY680","full-technical-content","verified-model","No profile generated.","Authorized project image available","Captured catalog fields shown; verify before quotation"
"drilling-equipment","HT500 Crawler Drilling Rig","/products/drilling-equipment/rig-ht500-152","cp-090-drilling-equipment-ht500","HT500","full-technical-content","verified-model","No profile generated.","Authorized project image available","Captured catalog fields shown; verify before quotation"
"drilling-equipment","KH103 Drilling Rig","/products/drilling-equipment/rig-kh103-153","cp-091-drilling-equipment-kh103","KH103","full-technical-content","verified-model","No profile generated.","Authorized project image available","Captured catalog fields shown; verify before quotation"
"drilling-equipment","KH612 DTH Crawler Drilling Rig","/products/drilling-equipment/rig-kh612-154","cp-092-drilling-equipment-kh612","KH612","full-technical-content","verified-model","No profile generated.","Authorized project image available","Captured catalog fields shown; verify before quotation"
"drilling-equipment","KH712 DTH Drilling Rig","/products/drilling-equipment/rig-kh712-155","cp-093-drilling-equipment-kh712","KH712","full-technical-content","verified-model","No profile generated.","Authorized project image available","Captured catalog fields shown; verify before quotation"
"drilling-equipment","ZDD100 DTH Drilling Rig","/products/drilling-equipment/rig-zdd100-156","cp-094-drilling-equipment-zdd100","ZDD100","configuration-review","duplicate","Audit status: duplicate.","Authorized project image available","Request verified specifications"
"drilling-equipment","ZDD100 Drilling Rig","/products/drilling-equipment/rig-zdd100-157","cp-094-drilling-equipment-zdd100","ZDD100","configuration-review","duplicate","Audit status: duplicate.","Authorized project image available","Request verified specifications"
"drilling-consumables","YT24 Drilling Tool","/products/drilling-consumables/tool-yt24-158","cp-095-drilling-consumables-yt24","YT24","full-technical-content","verified-model","No profile generated.","Authorized project image available","Captured catalog fields shown; verify before quotation"
"drilling-consumables","Y24 Drilling Tool","/products/drilling-consumables/tool-y24-159","cp-096-drilling-consumables-y24","Y24","full-technical-content","verified-model","No profile generated.","Authorized project image available","Captured catalog fields shown; verify before quotation"
"drilling-consumables","Button Bit Drilling Tool","/products/drilling-consumables/tool-series-160-160","cp-097-drilling-consumables-button-bit-drilling-tool","","configuration-review","generic-series","Audit status: generic-series.","Authorized project image available","Request verified specifications"
"drilling-consumables","Drill Bit Drilling Tool","/products/drilling-consumables/tool-series-161-161","cp-098-drilling-consumables-drill-bit-drilling-tool","","configuration-review","duplicate","Audit status: duplicate.","Authorized project image available","Request verified specifications"
"drilling-consumables","Drill Bit Drilling Tool","/products/drilling-consumables/tool-series-162-162","cp-098-drilling-consumables-drill-bit-drilling-tool","","configuration-review","duplicate","Audit status: duplicate.","Authorized project image available","Request verified specifications"
"drilling-consumables","ZD-89 Drilling Tool","/products/drilling-consumables/tool-zd-89-163","cp-099-drilling-consumables-zd-89","ZD-89","full-technical-content","verified-model","No profile generated.","Authorized project image available","Captured catalog fields shown; verify before quotation"
"drilling-consumables","Drill Pipe Drilling Tool","/products/drilling-consumables/tool-series-164-164","cp-100-drilling-consumables-drill-pipe-drilling-tool","","configuration-review","generic-series","Audit status: generic-series.","Authorized project image available","Request verified specifications"
"drilling-consumables","DTH Hammer Drilling Tool","/products/drilling-consumables/tool-series-165-165","cp-101-drilling-consumables-dth-hammer-drilling-tool","","configuration-review","generic-series","Audit status: generic-series.","Authorized project image available","Request verified specifications"
"drilling-consumables","QL60 DTH Hammer Drilling Tool","/products/drilling-consumables/tool-ql60-166","cp-102-drilling-consumables-ql60","QL60","configuration-review","requires-owner-confirmation","Audit status: requires-owner-confirmation.","Authorized project image available","Request verified specifications"
"mobile-lighting-systems","ULT-900 Solar Mobile Light Tower","/products/mobile-lighting-systems/tower-ult-900-167","cp-103-mobile-lighting-systems-ult-900","ULT-900","full-technical-content","verified-model","No profile generated.","Authorized project image available","Captured catalog fields shown; verify before quotation"
"mobile-lighting-systems","ULT-1200 Battery Mobile Light Tower","/products/mobile-lighting-systems/tower-ult-1200-168","cp-104-mobile-lighting-systems-ult-1200","ULT-1200","full-technical-content","verified-model","No profile generated.","Authorized project image available","Captured catalog fields shown; verify before quotation"
"mobile-lighting-systems","UST1800 Solar Mobile Light Tower","/products/mobile-lighting-systems/tower-ust1800-169","cp-105-mobile-lighting-systems-ust1800","UST1800","full-technical-content","verified-model","No profile generated.","Authorized project image available","Captured catalog fields shown; verify before quotation"
"generator-systems","UGT-1600 Diesel Mobile Generator System","/products/generator-systems/gen-ugt-1600-170","cp-106-generator-systems-ugt-1600","UGT-1600","full-technical-content","verified-model","No profile generated.","Authorized project image available","Captured catalog fields shown; verify before quotation"
"generator-systems","UGT-4000LM Diesel Generator System","/products/generator-systems/gen-ugt-4000lm-171","cp-107-generator-systems-ugt-4000lm","UGT-4000LM","full-technical-content","verified-model","No profile generated.","Authorized project image available","Captured catalog fields shown; verify before quotation"
"generator-systems","UGT-4000 PM Diesel Mobile Generator System","/products/generator-systems/gen-ugt-4000-pm-172","cp-108-generator-systems-ugt-4000-pm","UGT-4000 PM","full-technical-content","verified-model","No profile generated.","Authorized project image available","Captured catalog fields shown; verify before quotation"
"mobile-lighting-systems","UST-900L Solar Hybrid Mobile Light Tower","/products/mobile-lighting-systems/tower-ust-900l-173","cp-109-mobile-lighting-systems-ust-900l","UST-900L","full-technical-content","verified-model","No profile generated.","Authorized project image available","Captured catalog fields shown; verify before quotation"
"mobile-lighting-systems","GTS-1200 Solar Hybrid Mobile Light Tower","/products/mobile-lighting-systems/tower-gts-1200-174","cp-110-mobile-lighting-systems-gts-1200","GTS-1200","full-technical-content","verified-model","No profile generated.","Authorized project image available","Captured catalog fields shown; verify before quotation"
"compressed-air-equipment","LB10 Screw Air Compressor","/products/compressed-air-equipment/air-lb10-175","cp-111-compressed-air-equipment-lb10","LB10","full-technical-content","verified-model","No profile generated.","Authorized project image available","Captured catalog fields shown; verify before quotation"
"compressed-air-equipment","LB20 Screw Air Compressor","/products/compressed-air-equipment/air-lb20-176","cp-112-compressed-air-equipment-lb20","LB20","configuration-review","requires-owner-confirmation","Audit status: requires-owner-confirmation.","Authorized project image available","Request verified specifications"
"compressed-air-equipment","LB50 Stationary Screw Air Compressor","/products/compressed-air-equipment/air-lb50-177","cp-113-compressed-air-equipment-lb50","LB50","full-technical-content","verified-model","No profile generated.","Authorized project image available","Captured catalog fields shown; verify before quotation"
"compressed-air-equipment","LB30 Screw Air Compressor","/products/compressed-air-equipment/air-lb30-178","cp-114-compressed-air-equipment-lb30","LB30","full-technical-content","verified-model","No profile generated.","Authorized project image available","Captured catalog fields shown; verify before quotation"
"compressed-air-equipment","RM160-34/8 Screw Air Compressor","/products/compressed-air-equipment/air-rm160-34-8-179","cp-115-compressed-air-equipment-rm160-34","RM160-34","full-technical-content","verified-model","No profile generated.","Authorized project image available","Captured catalog fields shown; verify before quotation"
"compressed-air-equipment","ZD-5/8 Diesel Stationary Screw Air Compressor","/products/compressed-air-equipment/air-zd-5-8-180","cp-116-compressed-air-equipment-zd-5","ZD-5","full-technical-content","verified-model","No profile generated.","Authorized project image available","Captured catalog fields shown; verify before quotation"
"compressed-air-equipment","ZD-10/10 Diesel Portable Screw Air Compressor","/products/compressed-air-equipment/air-zd-10-10-181","cp-117-compressed-air-equipment-zd-10","ZD-10","full-technical-content","verified-model","No profile generated.","Authorized project image available","Captured catalog fields shown; verify before quotation"
"compressed-air-equipment","ZTV90-8 Electric Screw Air Compressor","/products/compressed-air-equipment/air-ztv90-8-182","cp-118-compressed-air-equipment-ztv90-8","ZTV90-8","configuration-review","requires-owner-confirmation","Audit status: requires-owner-confirmation.","Authorized project image available","Request verified specifications"
"compressed-air-equipment","KSZJ18-17 Diesel Portable Screw Air Compressor","/products/compressed-air-equipment/air-kszj18-17-183","cp-119-compressed-air-equipment-kszj18-17","KSZJ18-17","full-technical-content","verified-model","No profile generated.","Authorized project image available","Captured catalog fields shown; verify before quotation"
"drilling-consumables","YT27 Drilling Tool","/products/drilling-consumables/tool-yt27-184","cp-120-drilling-consumables-yt27","YT27","full-technical-content","verified-model","No profile generated.","Authorized project image available","Captured catalog fields shown; verify before quotation"
"drilling-consumables","YT29A Drilling Tool","/products/drilling-consumables/tool-yt29a-185","cp-121-drilling-consumables-yt29a","YT29A","full-technical-content","verified-model","No profile generated.","Authorized project image available","Captured catalog fields shown; verify before quotation"
"drilling-equipment","FY260 Water-Well Drilling Rig","/products/drilling-equipment/rig-fy260-186","cp-122-drilling-equipment-fy260","FY260","full-technical-content","verified-model","No profile generated.","Authorized project image available","Captured catalog fields shown; verify before quotation"
"drilling-consumables","YO20 Drilling Tool","/products/drilling-consumables/tool-yo20-187","cp-123-drilling-consumables-yo20","YO20","configuration-review","requires-owner-confirmation","Audit status: requires-owner-confirmation.","Authorized project image available","Request verified specifications"
"compressed-air-equipment","ZDCY 5-8 Diesel Portable Screw Air Compressor","/products/compressed-air-equipment/air-zdcy-5-8-188","cp-075-compressed-air-equipment-zdcy-5-8","ZDCY 5-8","configuration-review","duplicate","Audit status: duplicate.","Authorized project image available","Request verified specifications"
"drilling-equipment","CS110 Anchoring Hydraulic Drilling Rig","/products/drilling-equipment/rig-cs110-189","cp-124-drilling-equipment-cs110","CS110","full-technical-content","verified-model","No profile generated.","Authorized project image available","Captured catalog fields shown; verify before quotation"
"compressed-air-equipment","KYLC-580/17CY Diesel Screw Air Compressor","/products/compressed-air-equipment/air-kylc-580-17cy-190","cp-125-compressed-air-equipment-kylc-580","KYLC-580","full-technical-content","verified-model","No profile generated.","Authorized project image available","Captured catalog fields shown; verify before quotation"
"compressed-air-equipment","ZD10 Screw Air Compressor","/products/compressed-air-equipment/air-zd10-191","cp-126-compressed-air-equipment-zd10","ZD10","full-technical-content","verified-model","No profile generated.","Authorized project image available","Captured catalog fields shown; verify before quotation"
"compressed-air-equipment","ZD-31/25 Diesel Screw Air Compressor","/products/compressed-air-equipment/air-zd-31-25-192","cp-127-compressed-air-equipment-zd-31","ZD-31","full-technical-content","verified-model","No profile generated.","Authorized project image available","Captured catalog fields shown; verify before quotation"
"drilling-consumables","YT28 Drilling Tool","/products/drilling-consumables/tool-yt28-193","cp-128-drilling-consumables-yt28","YT28","full-technical-content","verified-model","No profile generated.","Authorized project image available","Captured catalog fields shown; verify before quotation"
"drilling-consumables","YO18 Drilling Tool","/products/drilling-consumables/tool-yo18-194","cp-129-drilling-consumables-yo18","YO18","full-technical-content","verified-model","No profile generated.","Authorized project image available","Captured catalog fields shown; verify before quotation"
"drilling-consumables","Drilling Tool","/products/drilling-consumables/tool-series-195-195","cp-130-drilling-consumables-drilling-tool","","configuration-review","generic-series","Audit status: generic-series.","Authorized project image available","Request verified specifications"
"generator-systems","ZD-100kw Open-Frame Diesel Generator System","/products/generator-systems/gen-zd-100kw-196","cp-131-generator-systems-zd-100kw-open-frame-diesel-generator-system","","configuration-review","generic-series","Audit status: generic-series.","Authorized project image available","Request verified specifications"
"drilling-equipment","FY450 Water-Well Drilling Rig","/products/drilling-equipment/rig-fy450-197","cp-132-drilling-equipment-fy450","FY450","full-technical-content","verified-model","No profile generated.","Authorized project image available","Captured catalog fields shown; verify before quotation"
"drilling-consumables","Drill Bit Drilling Tool","/products/drilling-consumables/tool-series-198-198","cp-098-drilling-consumables-drill-bit-drilling-tool","","configuration-review","duplicate","Audit status: duplicate.","Authorized project image available","Request verified specifications"
"compressed-air-equipment","LG10 Stationary Screw Air Compressor","/products/compressed-air-equipment/air-lg10-199","cp-133-compressed-air-equipment-lg10","LG10","full-technical-content","verified-model","No profile generated.","Authorized project image available","Captured catalog fields shown; verify before quotation"
"compressed-air-equipment","ZD300-8 Diesel Portable Screw Air Compressor","/products/compressed-air-equipment/air-zd300-8-200","cp-134-compressed-air-equipment-zd300-8","ZD300-8","full-technical-content","verified-model","No profile generated.","Authorized project image available","Captured catalog fields shown; verify before quotation"
"mobile-lighting-systems","UST-900S Solar Surveillance Mobile Light Tower","/products/mobile-lighting-systems/tower-ust-900s-201","cp-046-mobile-lighting-systems-ust-900s","UST-900S","configuration-review","duplicate","Audit status: duplicate.","Authorized project image available","Request verified specifications"
"drilling-equipment","FYL200 Water-Well Rock Drilling Rig","/products/drilling-equipment/rig-fyl200-202","cp-135-drilling-equipment-fyl200","FYL200","full-technical-content","verified-model","No profile generated.","Authorized project image available","Captured catalog fields shown; verify before quotation"
