id,name,domain,homepage,sourceGroup,sourceType,trustTier,supportsRss,activeStatus,seedReference,notes
"src-001","Magnetics Magazine","magneticsmag.com","https://magneticsmag.com","magnetics","industry-publication","B",false,"unknown","1","国际最权威的磁性材料与应用技术期刊网。"
"src-002","MMM Conference","magnetism.org","https://magnetism.org","magnetics","official-organization","A",false,"unknown","2","IEEE 与 AIP 联合举办的 Magnetism and Magnetic Materials 大会官网。"
"src-003","UK Magnetics Society","ukmagnetsoc.com","https://ukmagnetsoc.com","magnetics","official-organization","A",false,"unknown","3","英国磁学学会，定期发布行业技术与市场动态。"
"src-004","IEEE Magnetics Society","ieeemagnetics.org","https://ieeemagnetics.org","magnetics","official-organization","A",false,"unknown","4","全球电气电子工程师学会磁学分会。"
"src-005","AIP Applied Physics Reviews","pubs.aip.org","https://pubs.aip.org/aip/jap","magnetics","official-organization","A",false,"unknown","5","美国物理联合会应用磁学出版物。"
"src-006","Journal of Magnetism and Magnetic Materials","sciencedirect.com","https://sciencedirect.com","magnetics","official-organization","A",false,"unknown","6","Elsevier 磁学论文与科技新闻源。"
"src-007","Magnetics Society of Japan","msj.or.jp","https://msj.or.jp/en","magnetics","official-organization","A",false,"unknown","7","日本磁学学会官方英文字讯。"
"src-008","Intermag Conference","intermag.org","https://intermag.org","magnetics","official-organization","A",false,"unknown","8","全球顶级磁学国际会议官方发布平台。"
"src-009","European Magnetic Field Laboratory","emfl.eu","https://emfl.eu","magnetics","official-organization","A",false,"unknown","9","欧洲强磁场实验室联盟新闻。"
"src-010","Magnetics Technology International","uki-media.com","https://uki-media.com","magnetics","industry-publication","B",false,"unknown","10","工业磁体应用与磁工程报道。"
"src-011","Bunting Magnetics Blog","buntingmagnetics.com","https://buntingmagnetics.com/blog","magnetics","unknown","C",false,"unknown","11","工业磁体与除铁器行业博文。"
"src-012","Goudsmit Magnetics News","goudsmitmagnets.com","https://goudsmitmagnets.com/news","magnetics","industry-publication","B",false,"unknown","12","欧洲磁选装备前沿资讯。"
"src-013","Eriez Newsroom","eriez.com","https://eriez.com/news","magnetics","industry-publication","C",false,"unknown","13","国际磁选技术与装备新闻。"
"src-014","Master Magnets News","mastermagnets.com","https://mastermagnets.com","magnetics","industry-publication","B",false,"unknown","14","英国磁选设备新闻。"
"src-015","Steinert News","steinertglobal.com","https://steinertglobal.com","magnetics","industry-publication","B",false,"unknown","15","德国磁选与感应分选新闻。"
"src-016","Magnetics Forum","magneticsforum.com","https://magneticsforum.com","magnetics","official-organization","A",false,"unknown","16","工业磁技术应用论坛。"
"src-017","Physics World - Magnetism","physicsworld.com","https://physicsworld.com","magnetics","industry-publication","B",false,"unknown","17","前沿磁学理论与应用新闻。"
"src-018","ScienceDaily - Magnetic Phenomena","sciencedaily.com","https://sciencedaily.com","magnetics","unknown","B",false,"unknown","18","每日磁学科学突破。"
"src-019","Phys.org - Magnetism News","phys.org","https://phys.org","magnetics","industry-publication","B",false,"unknown","19","应用物理与强磁场资讯。"
"src-020","Rare Earth Observer","rareearthobserver.com","https://rareearthobserver.com","magnetics","unknown","B",false,"unknown","20","全球稀土（钕铁硼原料）市场资讯。"
"src-021","REITA - Rare Earth Industry Association","globalreas.org","https://globalreas.org","magnetics","official-organization","A",false,"unknown","21","稀土产业协会官方新闻。"
"src-022","Critical Minerals Institute - CMI","criticalmineralsinstitute.com","https://criticalmineralsinstitute.com","magnetics","official-organization","A",false,"unknown","22","关键矿产与磁材产业链。"
"src-023","ASM International News","asminternational.org","https://asminternational.org","magnetics","industry-publication","B",false,"unknown","23","美国金属学会材料与磁体前沿。"
"src-024","Journal of Rare Earths","sciencedirect.com","https://sciencedirect.com","magnetics","official-organization","A",false,"unknown","24","稀土永磁原料与市场新闻。"
"src-025","MDPI Magnetochemistry","mdpi.com","https://mdpi.com/journal/magnetochemistry","magnetics","official-organization","A",false,"unknown","25","磁化学与功能磁材。"
"src-026","MDPI Separations","mdpi.com","https://mdpi.com/journal/separations","magnetics","official-organization","A",false,"unknown","26","工业分离与磁选技术论文。"
"src-027","AZoM - The A to Z of Materials","azom.com","https://azom.com","magnetics","unknown","B",false,"unknown","27","磁性材料第一科普/技术新闻网。"
"src-028","Advanced Materials News","advancedsciencenews.com","https://advancedsciencenews.com","magnetics","industry-publication","B",false,"unknown","28","高阶功能材料新闻。"
"src-029","Materials Today","materialstoday.com","https://materialstoday.com","magnetics","industry-publication","B",false,"unknown","29","材料科学与磁性合金资讯。"
"src-030","E-Flux News","e-flux.com","https://e-flux.com","magnetics","industry-publication","B",false,"unknown","30","电磁流体与磁场应用。"
"src-031","Soft Magnetic Materials Conference","smm25.org","https://smm25.org","magnetics","official-organization","A",false,"unknown","31","软磁材料与电磁铁技术大会。"
"src-032","MagNet Society","magnetsociety.org","https://magnetsociety.org","magnetics","official-organization","A",false,"unknown","32","国际磁学工程师交流网。"
"src-033","Magnetics Business & Technology","magneticsmag.com","https://magneticsmag.com/category/business","magnetics","industry-publication","B",false,"unknown","33","磁技术商业动态。"
"src-034","Permanent Magnet News","magnet-news.com","https://magnet-news.com","magnetics","industry-publication","B",false,"unknown","34","永磁材料与永磁除铁器技术。"
"src-035","Electromagnetics Journal","taylorandfrancis.com","https://taylorandfrancis.com","magnetics","official-organization","A",false,"unknown","35","电磁场与电磁设备学术与应用。"
"src-036","Mining.com","mining.com","https://mining.com","mining","unknown","B",false,"unknown","36","全球阅读量最大的采矿与选矿综合新闻门户。"
"src-037","International Mining - IM","im-mine.com","https://im-mine.com","mining","unknown","B",false,"unknown","37","专门报道采矿设备（含磁选机、皮带除铁器）的杂志。"
"src-038","Mining Magazine","miningmagazine.com","https://miningmagazine.com","mining","industry-publication","B",false,"unknown","38","全球采矿工程与矿物加工技术老牌期刊。"
"src-039","Canadian Mining Journal","canadianminingjournal.com","https://canadianminingjournal.com","mining","official-organization","A",false,"unknown","39","北美采矿及选矿设备前沿报道。"
"src-040","Australian Mining","australianmining.com.au","https://australianmining.com.au","mining","unknown","B",false,"unknown","40","澳大利亚采矿与矿山自动化选矿新闻。"
"src-041","Mining Technology","mining-technology.com","https://mining-technology.com","mining","industry-publication","B",false,"unknown","41","采矿设备、金属分离与矿物富集技术资讯。"
"src-042","Engineering & Mining Journal - E&MJ","e-mj.com","https://e-mj.com","mining","official-organization","A",false,"unknown","42","全球采矿工程与选矿装备期刊。"
"src-043","MEI Blog / Minerals Engineering","mineng.com","https://mineng.com","mining","unknown","C",false,"unknown","43","国际矿物工程与磁选/重选技术论坛与博客。"
"src-044","Mining Weekly","miningweekly.com","https://miningweekly.com","mining","industry-publication","B",false,"unknown","44","全球及南非采矿新闻网。"
"src-045","Minerals Engineering","sciencedirect.com","https://sciencedirect.com","mining","unknown","B",false,"unknown","45","矿物加工与磁选选矿学术与应用动态。"
"src-046","Mining Review Africa","miningreview.com","https://miningreview.com","mining","industry-publication","B",false,"unknown","46","聚焦非洲矿山开采、选矿装备新闻。"
"src-047","Global Mining Review","globalminingreview.com","https://globalminingreview.com","mining","industry-publication","B",false,"unknown","47","全球露天及地下采矿、物料输送新闻。"
"src-048","AusIMM Bulletin","bulletin.ausimm.com","https://bulletin.ausimm.com","mining","unknown","B",false,"unknown","48","澳大拉西亚采矿与冶金学会官方新闻。"
"src-049","SME Mining Engineering","miningengineeringmagazine.com","https://miningengineeringmagazine.com","mining","unknown","B",false,"unknown","49","美国采矿、冶金和勘探学会杂志。"
"src-050","Skillings Mining Review","skillings.net","https://skillings.net","mining","industry-publication","B",false,"unknown","50","北美铁矿石及金属矿开采要闻。"
"src-051","Mining Decisions Africa","miningdecisions.com","https://miningdecisions.com","mining","unknown","B",false,"unknown","51","矿山管理者与设备采购决策者新闻门户。"
"src-052","Zambia Mining Magazine","zambiamining.com","https://zambiamining.com","mining","industry-publication","B",false,"unknown","52","赞比亚矿业与选矿设备新闻网。"
"src-053","Ghana Mining Journal","journal.uma.edu.gh","https://journal.uma.edu.gh","mining","official-organization","A",false,"unknown","53","西非金矿与矿物加工新闻。"
"src-054","DRC Mining Week","drcminingweek.com","https://drcminingweek.com","mining","unknown","B",false,"unknown","54","刚果（金）采矿设备官方新闻。"
"src-055","SA Mining","samining.co.za","https://samining.co.za","mining","unknown","B",false,"unknown","55","南非老牌矿业杂志，覆盖选矿与精选装备。"
"src-056","Mining MX","miningmx.com","https://miningmx.com","mining","unknown","B",false,"unknown","56","非洲矿业商业动态与大宗商品市场。"
"src-057","Minerals Processing Africa","minerals processing.co.za","https://minerals processing.co.za","mining","unknown","B",false,"unknown","57","专精于矿物加工与磁选报道。"
"src-058","Northern Miner","northernminer.com","https://northernminer.com","mining","unknown","B",false,"unknown","58","北美权威采矿投资与选厂技术新闻网。"
"src-059","Minería Pan-Americana","mineriamagazine.com","https://mineriamagazine.com","mining","unknown","B",false,"unknown","59","拉丁美洲西语采矿装备杂志。"
"src-060","Brasil Mineral","brasilmineral.com.br","https://brasilmineral.com.br","mining","unknown","B",false,"unknown","60","巴西采矿与矿物加工新闻门户。"
"src-061","Minería Chilena","mch.cl","https://mch.cl","mining","unknown","B",false,"unknown","61","智利采矿与选矿设备新闻网（全球铜矿中心）。"
"src-062","RUMBO MINERO","rumbominero.com","https://rumbominero.com","mining","unknown","B",false,"unknown","62","秘鲁采矿与选厂装备新闻门户。"
"src-063","Minería con Futuro Mexico","mineriafuturo.com","https://mineriafuturo.com","mining","unknown","B",false,"unknown","63","墨西哥采矿与重型机械应用新闻。"
"src-064","Latinominería","latinomineria.com","https://latinomineria.com","mining","unknown","B",false,"unknown","64","拉丁美洲采矿与物料处理综合网。"
"src-065","Portal Minero","portalminero.com","https://portalminero.com","mining","unknown","B",false,"unknown","65","智利及南美矿业项目与选厂机械。"
"src-066","Revista Minerios & Minerales","minerios.com.br","https://minerios.com.br","mining","unknown","B",false,"unknown","66","巴西矿业与选矿设备期刊。"
"src-067","Mining Journal Americas","mining-journal.com","https://mining-journal.com/americas","mining","official-organization","A",false,"unknown","67","美洲矿业商业与装备投资。"
"src-068","Resource World Magazine","resourceworld.com","https://resourceworld.com","mining","industry-publication","B",false,"unknown","68","北美资源开发与矿物加工。"
"src-069","North American Mining Magazine","northamericanmining.com","https://northamericanmining.com","mining","industry-publication","B",false,"unknown","69","报道北美采矿机械与物料输送。"
"src-070","Guía Minera de Chile","guiaminera.cl","https://guiaminera.cl","mining","unknown","B",false,"unknown","70","智利采矿设备与供应商新闻。"
"src-071","Mexico Mining Review","mexicominingreview.com","https://mexicominingreview.com","mining","industry-publication","B",false,"unknown","71","墨西哥采矿业与重型设备新闻。"
"src-072","Minería Peruana","mineriaperuana.com","https://mineriaperuana.com","mining","unknown","B",false,"unknown","72","秘鲁采矿与选矿技术新闻。"
"src-073","Mining Equipment News","miningequipmentnews.co.nz","https://miningequipmentnews.co.nz","mining","industry-publication","B",false,"unknown","73","澳新矿山机械与除铁器。"
"src-074","Australia's Paydirt","paydirt.com.au","https://paydirt.com.au","mining","unknown","B",false,"unknown","74","澳洲采矿与物料处理。"
"src-075","MinEx Forum","minexforum.com","https://minexforum.com","mining","official-organization","A",false,"unknown","75","欧亚采矿与矿业装备交流论坛。"
"src-076","MDPI Minerals","mdpi.com","https://mdpi.com/journal/minerals","mining","official-organization","A",false,"unknown","76","矿物磁选与浮选学术文章。"
"src-077","SAIMM","saimm.co.za","https://saimm.co.za","mining","unknown","B",false,"unknown","77","南非采矿与冶金学会。"
"src-078","TMS","tms.org","https://tms.org","mining","unknown","B",false,"unknown","78","矿物、金属与材料学会新闻。"
"src-079","IOM3 Mineral Processing Forum","iom3.org","https://iom3.org","mining","official-organization","A",false,"unknown","79","英国材料、矿物与采矿学会。"
"src-080","GMG Group","gmggroup.org","https://gmggroup.org","mining","unknown","B",false,"unknown","80","全球矿山标准与装备指导。"
"src-081","Mining Machinery News","miningmachinerynews.com","https://miningmachinerynews.com","mining","industry-publication","B",false,"unknown","81","矿山机械专门网。"
"src-082","Coal Age","coalage.com","https://coalage.com","mining","unknown","B",false,"unknown","82","煤炭开采、洗选与输送皮带除铁权威杂志。"
"src-083","Coal of Africa News","miningweekly.com","https://miningweekly.com/page/coal","mining","industry-publication","B",false,"unknown","83","煤矿洗选与输煤皮带除铁。"
"src-084","Namibia Mining Journal","namibiamining.com","https://namibiamining.com","mining","official-organization","A",false,"unknown","84","纳米比亚矿业与选厂设备。"
"src-085","Botswana Mining Review","botswanamining.com","https://botswanamining.com","mining","industry-publication","B",false,"unknown","85","博茨瓦纳矿山选矿新闻。"
"src-086","Zimbabwe Mining Magazine","miningindex.co.zw","https://miningindex.co.zw","mining","industry-publication","B",false,"unknown","86","津巴布韦矿业与重机械。"
"src-087","East African Mining Journal","eastafricanmining.com","https://eastafricanmining.com","mining","official-organization","A",false,"unknown","87","东非采矿设备新闻。"
"src-088","Mozambique Resources Post","mozambiqueresources.com","https://mozambiqueresources.com","mining","unknown","B",false,"unknown","88","莫桑比克资源与物料处理。"
"src-089","Tanzania Mining World","tanzaniaminingworld.com","https://tanzaniaminingworld.com","mining","industry-publication","B",false,"unknown","89","坦桑尼亚选矿网。"
"src-090","North Africa Mining Hub","northafricamining.com","https://northafricamining.com","mining","unknown","B",false,"unknown","90","北非矿业加工。"
"src-091","Mining Zimbabwe","miningzimbabwe.com","https://miningzimbabwe.com","mining","unknown","B",false,"unknown","91","津巴布韦采矿新闻源。"
"src-092","Energy & Mining Madagascar","madagascar-mining.com","https://madagascar-mining.com","mining","unknown","B",false,"unknown","92","马达加斯加矿业与重机。"
"src-093","West Africa Mining","wacm.com","https://wacm.com","mining","unknown","B",false,"unknown","93","西非采矿设备网。"
"src-094","Southern Africa Mining Equipment","same.co.za","https://same.co.za","mining","unknown","B",false,"unknown","94","南部非洲采矿设备指南。"
"src-095","MES Forums","mes.org.uk","https://mes.org.uk","mining","official-organization","A",false,"unknown","95","英国采矿工程学会交流。"
"src-096","MetSoc","metsoc.org","https://metsoc.org","mining","unknown","B",false,"unknown","96","加拿大冶金与选矿学会。"
"src-097","E&M Digest","emdigest.com","https://emdigest.com","mining","industry-publication","B",false,"unknown","97","工程与采矿摘要。"
"src-098","Indonesian Mining Magazine","indonesiamining.com","https://indonesiamining.com","mining","industry-publication","B",false,"unknown","98","东南亚（印尼）镍矿与煤矿选矿。"
"src-099","Asia Miners","asiaminers.com","https://asiaminers.com","mining","unknown","B",false,"unknown","99","亚洲采矿与选矿装备新闻。"
"src-100","Indian Mining Journal","miningjournal.in","https://miningjournal.in","mining","official-organization","A",false,"unknown","100","印度采矿与铁矿石磁选。"
"src-101","Vietnam Mining Portal","vietnammining.gov.vn","https://vietnammining.gov.vn","mining","unknown","B",false,"unknown","101","越南矿业装备新闻。"
"src-102","Philippines Mining Club","philippinesminingclub.com","https://philippinesminingclub.com","mining","unknown","B",false,"unknown","102","菲律宾矿业与重装备。"
"src-103","Russian Mining Gazette","rmg.ru","https://rmg.ru","mining","unknown","B",false,"unknown","103","俄罗斯及独联体选矿设备网。"
"src-104","Kazakhstan Mining News","kazmining.kz","https://kazmining.kz","mining","industry-publication","B",false,"unknown","104","哈萨克斯坦采矿选矿装备。"
"src-105","Uzbekistan Metals & Mining","uzmining.uz","https://uzmining.uz","mining","unknown","B",false,"unknown","105","乌兹别克斯坦金属矿选别。"
"src-106","Scandinavian Mining","nordicmining.com","https://nordicmining.com","mining","unknown","B",false,"unknown","106","北欧（瑞典/芬兰）铁矿自动化磁选。"
"src-107","Turkish Mining News","madencilik.org.tr","https://madencilik.org.tr","mining","industry-publication","B",false,"unknown","107","土耳其矿业与选矿设备。"
"src-108","Mining Safety Africa","miningsafety.co.za","https://miningsafety.co.za","mining","unknown","B",false,"unknown","108","矿山安全与设备防护。"
"src-109","Mining Indaba News","miningindaba.com","https://miningindaba.com","mining","industry-publication","B",false,"unknown","109","非洲矿业大会官方新闻中心。"
"src-110","MINExpo International News","minexpo.com","https://minexpo.com","mining","official-organization","A",false,"unknown","110","美洲最大采矿展官方新闻。"
"src-111","Recycling Today","recyclingtoday.com","https://recyclingtoday.com","recycling","industry-publication","B",false,"unknown","111","北美最权威的固体废弃物与废金属回收杂志。"
"src-112","Scrap Recycling Industry - ISRI / ReMA","isri.org ","https://isri.org / rema.org","recycling","unknown","B",false,"unknown","112","废料回收行业协会官方新闻。"
"src-113","Recycling Magazine International","recycling-magazine.com","https://recycling-magazine.com","recycling","industry-publication","B",false,"unknown","113","欧洲全球回收与分选技术新闻门户。"
"src-114","Waste360","waste360.com","https://waste360.com","recycling","unknown","B",false,"unknown","114","垃圾处理、资源化利用与分选设备综合平台。"
"src-115","Waste Management World - WMW","waste-management-world.com","https://waste-management-world.com","recycling","industry-publication","B",false,"unknown","115","国际固体废弃物协会媒体。"
"src-116","E-Scrap News","resource-recycling.com","https://resource-recycling.com/e-scrap","recycling","industry-publication","B",false,"unknown","116","电子废弃物拆解与金属回收新闻网。"
"src-117","Resource Recycling","resource-recycling.com","https://resource-recycling.com","recycling","unknown","B",false,"unknown","117","资源循环利用与分选装备新闻。"
"src-118","BioCycle","biocycle.net","https://biocycle.net","recycling","unknown","B",false,"unknown","118","有机废弃物处理与杂质（金属）剥离技术网。"
"src-119","Recycling Product News","recyclingproductnews.com","https://recyclingproductnews.com","recycling","industry-publication","B",false,"unknown","119","加拿大及北美回收设备展示与新闻中心。"
"src-120","Waste Dive","wastedive.com","https://wastedive.com","recycling","unknown","B",false,"unknown","120","固废处理行业日更新闻网。"
"src-121","Waste Advantage Magazine","wasteadvantagemag.com","https://wasteadvantagemag.com","recycling","industry-publication","B",false,"unknown","121","固废管理与处理机械信息网。"
"src-122","Metal Recycling News - Fastmarkets","fastmarkets.com","https://fastmarkets.com","recycling","industry-publication","B",false,"unknown","122","全球再生金属市场要闻。"
"src-123","Plastics Recycling Update","resource-recycling.com","https://resource-recycling.com/plastics","recycling","unknown","B",false,"unknown","123","塑料回收中的金属剔除与分选。"
"src-124","CIWM Journal Online","ciwm-journal.co.uk","https://ciwm-journal.co.uk","recycling","official-organization","A",false,"unknown","124","英国特许废弃物管理学会新闻。"
"src-125","EDie Waste & Resource Efficiency","edie.net","https://edie.net","recycling","unknown","B",false,"unknown","125","欧洲资源循环与绿色回收前沿。"
"src-126","Global Recycling Magazine","global-recycling.info","https://global-recycling.info","recycling","industry-publication","B",false,"unknown","126","国际化垃圾分选设备聚焦网站。"
"src-127","C&D World","cdrecycling.org","https://cdrecycling.org","recycling","industry-publication","B",false,"unknown","127","建筑垃圾（C&D）回收与除铁/碎石分选网。"
"src-128","Secondary Materials and Recycling","smr-forum.com","https://smr-forum.com","recycling","unknown","B",false,"unknown","128","废金属与次生原料回收论坛。"
"src-129","RECYCLING.COM","recycling.com","https://recycling.com","recycling","unknown","B",false,"unknown","129","国际回收技术与指南集锦。"
"src-130","LetsRecycle","letsrecycle.com","https://letsrecycle.com","recycling","unknown","B",false,"unknown","130","英国废弃物管理与金属分离第一新闻源。"
"src-131","Scrap Monster","scrapmonster.com","https://scrapmonster.com","recycling","unknown","B",false,"unknown","131","废金属行情与加工装备新闻网。"
"src-132","American Recycler","americanrecycler.com","https://americanrecycler.com","recycling","unknown","B",false,"unknown","132","美国老牌废料回收与重型分选设备报刊。"
"src-133","Revista Reciclagem Brazil","reciclagem.com.br","https://reciclagem.com.br","recycling","unknown","B",false,"unknown","133","巴西废料回收与再生资源分选门户。"
"src-134","ReWASTE Africa","rewaste.co.za","https://rewaste.co.za","recycling","unknown","B",false,"unknown","134","非洲固废处理与再生资源分离。"
"src-135","Waste 360 Africa","waste360.co.za","https://waste360.co.za","recycling","unknown","B",false,"unknown","135","垃圾分选、金属回收与除铁设备。"
"src-136","Recycling in South Africa","recycling.co.za","https://recycling.co.za","recycling","unknown","B",false,"unknown","136","南非回收行业门户网。"
"src-137","MRA - Metal Recyclers Association","mra.co.za","https://mra.co.za","recycling","official-organization","A",false,"unknown","137","南非废金属回收协会官方新闻。"
"src-138","IWMSA","iwmsa.co.za","https://iwmsa.co.za","recycling","unknown","B",false,"unknown","138","南非废弃物管理学会。"
"src-139","Circular Economy Africa","circulareconomyafrica.com","https://circulareconomyafrica.com","recycling","unknown","B",false,"unknown","139","循环经济与金属磁选新闻。"
"src-140","E-Waste Association of South Africa","ewasa.org","https://ewasa.org","recycling","official-organization","A",false,"unknown","140","电子垃圾回收与金属提纯。"
"src-141","Waste Plan SA","wasteplan.co.za","https://wasteplan.co.za","recycling","unknown","B",false,"unknown","141","工业废弃物分选与回收技术。"
"src-142","Plastics SA Recycling","plasticsmag.co.za","https://plasticsmag.co.za","recycling","unknown","B",false,"unknown","142","塑料回收中的金属杂质剔除。"
"src-143","EuRIC","euric.org","https://euric.org","recycling","unknown","B",false,"unknown","143","欧洲回收工业联合会新闻。"
"src-144","BIR - Bureau of International Recycling","bir.org","https://bir.org","recycling","unknown","B",false,"unknown","144","国际回收局官方动态。"
"src-145","BIFFA News","biffa.co.uk","https://biffa.co.uk","recycling","industry-publication","B",false,"unknown","145","英国大型固废处理公司技术新闻。"
"src-146","Veolia News Focus","veolia.com","https://veolia.com","recycling","industry-publication","B",false,"unknown","146","资源循环与废弃物分选资讯。"
"src-147","Suez Waste Management News","suez.com","https://suez.com","recycling","industry-publication","B",false,"unknown","147","固废资源化利用新闻。"
"src-148","Remondis News","remondis.com","https://remondis.com","recycling","industry-publication","B",false,"unknown","148","德国瑞曼迪斯回收与分选装备趋势。"
"src-149","Tomra Newsroom","tomra.com","https://tomra.com/news","recycling","industry-publication","C",false,"unknown","149","全球分选巨头 Tomra 官方新闻。"
"src-150","IFAT Exhibition News","ifat.de","https://ifat.de","recycling","official-organization","A",false,"unknown","150","慕尼黑环博会官方设备新闻。"
"src-151","ISRI Convention News","isriconvention.org","https://isriconvention.org","recycling","official-organization","A",false,"unknown","151","废料回收大会装备发布。"
"src-152","Inforeciclagem Brasil","inforeciclagem.com.br","https://inforeciclagem.com.br","recycling","unknown","B",false,"unknown","152","巴西工业回收与分选资讯。"
"src-153","Recycling International","recyclinginternational.com","https://recyclinginternational.com","recycling","unknown","B",false,"unknown","153","荷兰老牌国际回收技术杂志。"
"src-154","Waste Handling & Equipment News - WHEN","whenmag.com","https://whenmag.com","recycling","industry-publication","B",false,"unknown","154","废弃物处理装备与除铁机。"
"src-155","Metal Tech News","metaltechnews.com","https://metaltechnews.com","recycling","industry-publication","B",false,"unknown","155","金属提纯与回收技术新闻。"
"src-156","AZoCleantech","azocleantech.com","https://azocleantech.com","recycling","unknown","B",false,"unknown","156","环保回收与分选装备新闻。"
"src-157","Pollution Equipment News","pollutionequipmentnews.com","https://pollutionequipmentnews.com","recycling","industry-publication","B",false,"unknown","157","环保装备与废弃物清理磁选。"
"src-158","Environmental Technology Online","envirotech-online.com","https://envirotech-online.com","recycling","industry-publication","B",false,"unknown","158","环保分选与固废处理。"
"src-159","REMA","rema.org","https://rema.org","recycling","unknown","B",false,"unknown","159","废料处理设备制造新闻。"
"src-160","MDPI Metals","mdpi.com","https://mdpi.com/journal/metals","recycling","official-organization","A",false,"unknown","160","金属回收与磁性提纯论文。"
"src-161","r/Recycling","reddit.com","https://reddit.com/r/recycling","recycling","unknown","B",false,"unknown","161","废料回收与分选技术讨论。"
"src-162","r/ScrapMetal","reddit.com","https://reddit.com/r/ScrapMetal","recycling","unknown","B",false,"unknown","162","废金属拆解、磁选与分选实操论坛。"
"src-163","Scrap Recycling Forum","scrapforum.com","https://scrapforum.com","recycling","official-organization","A",false,"unknown","163","废金属回收商与设备交流。"
"src-164","E-Waste World Conference","ewaste-exhibition.com","https://ewaste-exhibition.com","recycling","official-organization","A",false,"unknown","164","电子废弃物分选展会新闻。"
"src-165","Metal Recycling Association of India - MRAI","mrai.org.in","https://mrai.org.in","recycling","official-organization","A",false,"unknown","165","印度金属回收协会。"
"src-166","Bureau of Middle East Recycling - BMR","bmrme.org","https://bmrme.org","recycling","unknown","B",false,"unknown","166","中东回收局官方新闻。"
"src-167","Recycling World","recyclingworld.org","https://recyclingworld.org","recycling","industry-publication","B",false,"unknown","167","欧洲及全球资源再生装备。"
"src-168","Automobile Recycling News","autorecycling.com","https://autorecycling.com","recycling","industry-publication","B",false,"unknown","168","汽车拆解与破碎铁块磁选。"
"src-169","Shredder Industry News","shreddernews.com","https://shreddernews.com","recycling","industry-publication","B",false,"unknown","169","破碎机与后续磁选除铁配套新闻。"
"src-170","Non-Ferrous Sorting World","nonferrous-news.com","https://nonferrous-news.com","recycling","industry-publication","B",false,"unknown","170","涡电流分选机与铁金属剔除。"
"src-171","Heavy Scrap Processing","heavyscrap.com","https://heavyscrap.com","recycling","unknown","B",false,"unknown","171","重型废钢磁力吊装与切割。"
"src-172","Battery Recycling Today","batteryrecyclingtoday.com","https://batteryrecyclingtoday.com","recycling","industry-publication","B",false,"unknown","172","电池回收黑粉提纯与磁选。"
"src-173","Slag Recycling News","slagrecycling.com","https://slagrecycling.com","recycling","industry-publication","B",false,"unknown","173","钢渣回收与钢渣磁选提纯。"
"src-174","Glass Recycling Journal","glassrecycling.org","https://glassrecycling.org","recycling","official-organization","A",false,"unknown","174","碎玻璃回收中的除铁。"
"src-175","Wood & Biomass Recycling","biomassrecycling.com","https://biomassrecycling.com","recycling","unknown","B",false,"unknown","175","木屑与生物质除铁。"
"src-176","Textile Recycling International","textilerecycling.org","https://textilerecycling.org","recycling","unknown","B",false,"unknown","176","废旧纺织品金属纽扣/拉链磁选。"
"src-177","Tire Recycling Technology","tirerecycling.com","https://tirerecycling.com","recycling","industry-publication","B",false,"unknown","177","废旧轮胎胶粉中的钢丝磁选。"
"src-178","Municipal Solid Waste - MSW Magazine","mswmagazine.com","https://mswmagazine.com","recycling","industry-publication","B",false,"unknown","178","城市生活垃圾磁选。"
"src-179","Fly Ash & Bottom Ash Processing","ashrecycling.com","https://ashrecycling.com","recycling","unknown","B",false,"unknown","179","粉煤灰与炉渣磁选。"
"src-180","Foundry Sand Recycling","foundrysand.org","https://foundrysand.org","recycling","unknown","B",false,"unknown","180","铸造旧砂回收与除铁。"
"src-181","E-Scrap & PCB Recovery","pcbrecycling.net","https://pcbrecycling.net","recycling","unknown","B",false,"unknown","181","电子线路板破碎与磁选分离。"
"src-182","Scrap Magazine US","scrap.org","https://scrap.org","recycling","industry-publication","B",false,"unknown","182","美国 ISRI 旗下的权威废料杂志。"
"src-183","Recycling Today Europe","recyclingtodayeurope.com","https://recyclingtodayeurope.com","recycling","industry-publication","B",false,"unknown","183","Recycling Today 欧洲版。"
"src-184","Waste Management Review AU","wastemanagementreview.com.au","https://wastemanagementreview.com.au","recycling","industry-publication","B",false,"unknown","184","澳洲垃圾分选。"
"src-185","Asian Recycling News","recycleasia.com","https://recycleasia.com","recycling","industry-publication","B",false,"unknown","185","亚洲资源循环与设备新闻。"
"src-186","Powder & Bulk Solids - PBS","powderbulksolids.com","https://powderbulksolids.com","bulk-materials","unknown","B",false,"unknown","186","北美最大的粉体与散料加工新闻门户。"
"src-187","Bulk Materials Handling - Bulk Inside","bulk-inside.com","https://bulk-inside.com","bulk-materials","unknown","B",false,"unknown","187","全球散料处理、给料与磁选网。"
"src-188","Bulk Solids Handling Magazine","bulk-solids-handling.com","https://bulk-solids-handling.com","bulk-materials","industry-publication","B",false,"unknown","188","散料输送与除铁装备期刊。"
"src-189","Powder Handling & Processing","powderprocess.net","https://powderprocess.net","bulk-materials","unknown","B",false,"unknown","189","粉体加工与磁性过滤器资讯。"
"src-190","Dry Cargo International - DCI","drycargomag.com","https://drycargomag.com","bulk-materials","unknown","B",false,"unknown","190","散货码头、装卸与港口物料输送。"
"src-191","Processing Magazine","processingmag.com","https://processingmag.com","bulk-materials","industry-publication","B",false,"unknown","191","工业流体与散料加工剔杂设备网。"
"src-192","Powder & Bulk Engineering - PBE","powderbulk.com","https://powderbulk.com","bulk-materials","unknown","B",false,"unknown","192","颗粒与粉体输送除铁专业网。"
"src-193","Bulk Transporter","bulktransporter.com","https://bulktransporter.com","bulk-materials","unknown","B",false,"unknown","193","工业散料运输与装卸要闻。"
"src-194","Flow Control Magazine","flowcontrolnetwork.com","https://flowcontrolnetwork.com","bulk-materials","industry-publication","B",false,"unknown","194","流体与管道物料除铁前沿。"
"src-195","Pneu-Con Industry News","pneu-con.com","https://pneu-con.com/news","bulk-materials","industry-publication","B",false,"unknown","195","气力输送与管道磁选应用。"
"src-196","Cargo & Bulk Handling Africa","bulk.co.za","https://bulk.co.za","bulk-materials","unknown","B",false,"unknown","196","散货码头、物料输送与电磁吊装。"
"src-197","Industrial Buyer SA","industrialbuyer.co.za","https://industrialbuyer.co.za","bulk-materials","unknown","B",false,"unknown","197","工业采购与厂内搬运设备新闻。"
"src-198","Industrial Process Products & Technology","ippt.ca","https://ippt.ca","bulk-materials","industry-publication","B",false,"unknown","198","加拿大工业过程与分选。"
"src-199","Conveyor Equipment Manufacturers Association - CEMA","cemanet.org","https://cemanet.org","bulk-materials","official-organization","A",false,"unknown","199","输送机装备协会。"
"src-200","Bulk Handling Australia","bulkhandlingreview.com.au","https://bulkhandlingreview.com.au","bulk-materials","unknown","B",false,"unknown","200","澳大利亚散料处理与除铁。"
"src-201","Powder Processing Technology","powdertechnology.com","https://powdertechnology.com","bulk-materials","industry-publication","B",false,"unknown","201","粉体处理与高梯度磁选。"
"src-202","Vibrating Feeders & Screens Forum","vibratingfeeders.com","https://vibratingfeeders.com","bulk-materials","official-organization","A",false,"unknown","202","震动给料机与除铁器配套。"
"src-203","Belt Conveyor Safety & Tech","conveyortech.com","https://conveyortech.com","bulk-materials","unknown","B",false,"unknown","203","皮带输送机悬挂除铁器保护。"
"src-204","Pneumatic Conveying Forum","pneumaticconveying.org","https://pneumaticconveying.org","bulk-materials","official-organization","A",false,"unknown","204","气力输送管道磁铁讨论。"
"src-205","Bulk Material Storage & Handling","bulkstorage.com","https://bulkstorage.com","bulk-materials","unknown","B",false,"unknown","205","仓储与出料除铁。"
"src-206","Particle & Particle Systems Characterization","wiley.com","https://wiley.com","bulk-materials","unknown","B",false,"unknown","206","颗粒加工与磁分离。"
"src-207","International Journal of Mineral Processing","sciencedirect.com","https://sciencedirect.com","bulk-materials","official-organization","A",false,"unknown","207","矿物与散料加工。"
"src-208","Material Handling Network","mhnetwork.com","https://mhnetwork.com","bulk-materials","unknown","B",false,"unknown","208","北美物料搬运装备网。"
"src-209","Bulk Solids Europe","bulksolidseurope.com","https://bulksolidseurope.com","bulk-materials","unknown","B",false,"unknown","209","欧洲散料处理会议与新闻。"
"src-210","Powder Science & Technology Journal","powdersci.org","https://powdersci.org","bulk-materials","official-organization","A",false,"unknown","210","粉体科技与磁分离。"
"src-211","Magnetic Filtration World","magneticfiltration.com","https://magneticfiltration.com","bulk-materials","industry-publication","B",false,"unknown","211","油液与管道磁性过滤网。"
"src-212","Machinery Lubrication","machinerylubrication.com","https://machinerylubrication.com","bulk-materials","unknown","B",false,"unknown","212","油液管道磁性过滤与除铁。"
"src-213","Fluid Power Journal","fluidpowerjournal.com","https://fluidpowerjournal.com","bulk-materials","official-organization","A",false,"unknown","213","液压系统与磁性过滤技术。"
"src-214","Process Heating Magazine","process-heating.com","https://process-heating.com","bulk-materials","industry-publication","B",false,"unknown","214","热粉体加工与除铁。"
"src-215","Chemical Engineering Magazine","chemengonline.com","https://chemengonline.com","bulk-materials","industry-publication","B",false,"unknown","215","化工粉体管道磁选去除铁杂质。"
"src-216","Chemical Processing","chemicalprocessing.com","https://chemicalprocessing.com","bulk-materials","unknown","B",false,"unknown","216","化工物料提纯与除铁设备。"
"src-217","Powder Injection Molding International","pim-international.com","https://pim-international.com","bulk-materials","unknown","B",false,"unknown","217","金属粉末注射成型除铁。"
"src-218","Additive Manufacturing Metal Powders","metal-am.com","https://metal-am.com","bulk-materials","unknown","B",false,"unknown","218","3D 打印金属粉末提纯与磁选。"
"src-219","Grain & Feed Milling Technology","millingandgrain.com","https://millingandgrain.com","bulk-materials","industry-publication","B",false,"unknown","219","粮油粉体管道除铁。"
"src-220","Ceramic Industry Magazine","ceramicindustry.com","https://ceramicindustry.com","bulk-materials","industry-publication","B",false,"unknown","220","陶瓷釉料与泥浆磁选除铁。"
"src-221","Glass Processing Today","glassprocessing.com","https://glassprocessing.com","bulk-materials","industry-publication","B",false,"unknown","221","硅砂与玻璃原料高梯度磁选。"
"src-222","Battery Powder Separations","batterypowder.com","https://batterypowder.com","bulk-materials","unknown","B",false,"unknown","222","电池正负极材料高纯度除铁。"
"src-223","Pigment & Resin Technology","emerald.com","https://emerald.com","bulk-materials","industry-publication","B",false,"unknown","223","颜料与树脂粉体除铁。"
"src-224","Cement Bulk Handling","cementbulk.com","https://cementbulk.com","bulk-materials","unknown","B",false,"unknown","224","水泥生料与熟料皮带除铁。"
"src-225","Aggregate Conveying Systems","aggregateconveying.com","https://aggregateconveying.com","bulk-materials","unknown","B",false,"unknown","225","砂石骨料皮带机除铁。"
"src-226","Port & Terminal Bulk Equipment","portbulk.com","https://portbulk.com","bulk-materials","unknown","B",false,"unknown","226","港口散货装卸抓斗与电磁吊。"
"src-227","Stevedoring & Port Handling","stevedoring.com","https://stevedoring.com","bulk-materials","unknown","B",false,"unknown","227","码头散货除铁与磁吊。"
"src-228","Rail Freight Bulk Loading","railbulk.com","https://railbulk.com","bulk-materials","unknown","B",false,"unknown","228","铁路散货装车除铁。"
"src-229","Hopper & Silo Discharge Tech","silotechnology.com","https://silotechnology.com","bulk-materials","unknown","B",false,"unknown","229","料仓防堵与磁力给料。"
"src-230","Magnet Cleaners in Food Processing","foodmagnetcleaners.com","https://foodmagnetcleaners.com","bulk-materials","unknown","B",false,"unknown","230","食品级磁选机。"
"src-231","Magnetic Trap Applications","magnetictraps.com","https://magnetictraps.com","bulk-materials","unknown","B",false,"unknown","231","液体管道磁性过滤器。"
"src-232","Drawer Magnet Technology","drawermagnets.com","https://drawermagnets.com","bulk-materials","industry-publication","B",false,"unknown","232","抽屉式磁选机应用新闻。"
"src-233","Grate Magnet Innovations","gratemagnets.com","https://gratemagnets.com","bulk-materials","unknown","B",false,"unknown","233","磁力架/磁格栅设计与技术。"
"src-234","Rotary Magnet Separators","rotarymagnets.com","https://rotarymagnets.com","bulk-materials","unknown","B",false,"unknown","234","旋转式磁选机易粘物料除铁。"
"src-235","High Intensity Magnetic Rollers","magneticrollers.com","https://magneticrollers.com","bulk-materials","unknown","B",false,"unknown","235","辊式强磁选机。"
"src-236","Eddy Current Separator Tech","eddycurrentseparators.com","https://eddycurrentseparators.com","bulk-materials","unknown","B",false,"unknown","236","涡电流有色金属分选。"
"src-237","Sensor-Based Sorting World","sensorsorting.com","https://sensorsorting.com","bulk-materials","industry-publication","B",false,"unknown","237","光电与磁感应结合分选。"
"src-238","Air Classification & Magnetic Combination","airseparators.com","https://airseparators.com","bulk-materials","unknown","B",false,"unknown","238","风选与磁选联合系统。"
"src-239","Demagnetizer Technology","demagnetizers.com","https://demagnetizers.com","bulk-materials","industry-publication","B",false,"unknown","239","退磁机与退磁技术。"
"src-240","Magnetic Conveyor Belts","magneticconveyors.com","https://magneticconveyors.com","bulk-materials","unknown","B",false,"unknown","240","磁性输送机与提升机。"
"src-241","Steel Orbis","steelorbis.com","https://steelorbis.com","industrial-engineering","unknown","B",false,"unknown","241","全球钢铁与废钢贸易/加工第一新闻平台。"
"src-242","Metal Center News","metalcenternews.com","https://metalcenternews.com","industrial-engineering","industry-publication","B",false,"unknown","242","金属加工、搬运与起重设备行业网。"
"src-243","Modern Casting","afsinc.org","https://afsinc.org/modern-casting-magazine","industrial-engineering","unknown","B",false,"unknown","243","美国铸造协会期刊，含起重电磁铁。"
"src-244","Foundry Management & Technology - FM&T","foundrymag.com","https://foundrymag.com","industrial-engineering","industry-publication","B",false,"unknown","244","铸造厂电磁搬运装备网。"
"src-245","Steel Times International","steeltimesint.com","https://steeltimesint.com","industrial-engineering","unknown","B",false,"unknown","245","国际钢铁制造与冶金起重设备杂志。"
"src-246","AIST Steel News","aist.org","https://aist.org","industrial-engineering","industry-publication","B",false,"unknown","246","美国钢铁技术协会（AIST）官方新闻门户。"
"src-247","Fastmarkets AMM","fastmarkets.com","https://fastmarkets.com","industrial-engineering","unknown","B",false,"unknown","247","北美及全球金属行业新闻与交易快讯。"
"src-248","MEPS International","meps.co.uk","https://meps.co.uk","industrial-engineering","unknown","B",false,"unknown","248","钢铁市场与冶金装备动态。"
"src-249","Metal Bulletin","fastmarkets.com","https://fastmarkets.com/metals","industrial-engineering","unknown","B",false,"unknown","249","全球金属与废钢行情新闻。"
"src-250","Casting Plant & Technology - CPT","casting-plant.net","https://casting-plant.net","industrial-engineering","industry-publication","B",false,"unknown","250","国际铸造厂技术与物料搬运。"
"src-251","MPT International","mpt-international.com","https://mpt-international.com","industrial-engineering","unknown","B",false,"unknown","251","冶金厂工程与重型起重装备。"
"src-252","Hoisting & Lifting Equipment Magazine","hoistmagazine.com","https://hoistmagazine.com","industrial-engineering","industry-publication","B",false,"unknown","252","工业起重机与起重电磁铁权威网。"
"src-253","Cranes Today","cranestodaymagazine.com","https://cranestodaymagazine.com","industrial-engineering","industry-publication","B",false,"unknown","253","起重机与磁力吊装装备新闻网。"
"src-254","American Crane & Transport - ACT","khl.com","https://khl.com","industrial-engineering","unknown","B",false,"unknown","254","北美重型起重与物料搬运。"
"src-255","International Cranes and Specialized Transport","khl.com","https://khl.com","industrial-engineering","unknown","B",false,"unknown","255","国际起重装备焦点。"
"src-256","Lifting Africa","liftingafrica.co.za","https://liftingafrica.co.za","industrial-engineering","unknown","B",false,"unknown","256","非洲工业起重机与起重电磁铁专业门户。"
"src-257","Foundry & Heat Treatment SA","castingssa.com","https://castingssa.com","industrial-engineering","unknown","B",false,"unknown","257","南非铸造厂与熔炼除铁杂志。"
"src-258","SEIFSA","seifsa.org.za","https://seifsa.org.za","industrial-engineering","unknown","B",false,"unknown","258","钢铁与工程工业联合会官方新闻。"
"src-259","Southern African Pyrometallurgy","pyrometallurgy.co.za","https://pyrometallurgy.co.za","industrial-engineering","unknown","B",false,"unknown","259","冶金、铸造与电磁搬运。"
"src-260","Foundry Trade Journal","foundrytradejournal.com","https://foundrytradejournal.com","industrial-engineering","official-organization","A",false,"unknown","260","英国铸造与磁力搬运。"
"src-261","Steel Guru","steelguru.com","https://steelguru.com","industrial-engineering","unknown","B",false,"unknown","261","全球钢铁与矿业新闻。"
"src-262","Iron & Steel Technology","aist.org","https://aist.org/publications/iron-steel-technology","industrial-engineering","industry-publication","B",false,"unknown","262","钢铁制造与起重重装备。"
"src-263","Modern Metals","modernmetals.com","https://modernmetals.com","industrial-engineering","unknown","B",false,"unknown","263","金属服务中心与工业搬运杂志。"
"src-264","Metal Processing Americas","metalprocessing.com","https://metalprocessing.com","industrial-engineering","unknown","B",false,"unknown","264","金属卷材与废钢重型吊装。"
"src-265","DeAcero News","deacero.com","https://deacero.com","industrial-engineering","industry-publication","B",false,"unknown","265","墨西哥大型钢铁与废钢回收动态。"
"src-266","Scrap Yard Crane Tech","scraprecranes.com","https://scraprecranes.com","industrial-engineering","unknown","B",false,"unknown","266","废钢堆场电磁起重机技术。"
"src-267","Slab & Billet Handling","slabhandling.com","https://slabhandling.com","industrial-engineering","unknown","B",false,"unknown","267","钢坯与钢板电磁吊具。"
"src-268","Magnet Lifter Safety","magnetliftersafety.com","https://magnetliftersafety.com","industrial-engineering","unknown","B",false,"unknown","268","永磁与电磁起重吊具安全规范。"
"src-269","Electro-Permanent Lifting Magnets","epm-lifting.com","https://epm-lifting.com","industrial-engineering","unknown","B",false,"unknown","269","电永磁起重吊具新闻。"
"src-270","Battery Backup Crane Magnets","crane-magnets.com","https://crane-magnets.com","industrial-engineering","unknown","B",false,"unknown","270","带停电保磁系统的起重电磁铁。"
"src-271","Mill Duty Magnets Journal","milldutymagnets.com","https://milldutymagnets.com","industrial-engineering","official-organization","A",false,"unknown","271","钢厂重级起重电磁铁。"
"src-272","Scrap Grapple & Magnet Combo","grapple-magnet.com","https://grapple-magnet.com","industrial-engineering","unknown","B",false,"unknown","272","抓斗电磁铁一体设备。"
"src-273","Steel Service Center Lifting","steellifting.com","https://steellifting.com","industrial-engineering","unknown","B",false,"unknown","273","钢铁加工中心板材起重。"
"src-274","Coil Lifting Magnets","coillifting.com","https://coillifting.com","industrial-engineering","unknown","B",false,"unknown","274","钢卷电磁卷吊技术。"
"src-275","High Temperature Magnet Tech","hitempmagnets.com","https://hitempmagnets.com","industrial-engineering","unknown","B",false,"unknown","275","耐高温（700℃）起重电磁铁。"
"src-276","Submarine Lifting Magnets","underwatermagnets.com","https://underwatermagnets.com","industrial-engineering","unknown","B",false,"unknown","276","水下与打捞起重电磁铁。"
"src-277","Crane & Hoisting Alliance","cranealliance.org","https://cranealliance.org","industrial-engineering","unknown","B",false,"unknown","277","全球起重机械联盟新闻。"
"src-278","World Steel Association News","worldsteel.org","https://worldsteel.org","industrial-engineering","official-organization","A",false,"unknown","278","世界钢铁协会官方新闻。"
"src-279","European Steel Association - EUROFER","eurofer.eu","https://eurofer.eu","industrial-engineering","official-organization","A",false,"unknown","279","欧洲钢铁协会新闻。"
"src-280","China Steel News English","china-steel-news.com","https://china-steel-news.com","industrial-engineering","industry-publication","B",false,"unknown","280","中国钢铁与冶金装备英文门户。"
"src-281","India Steel Review","indiasteelreview.com","https://indiasteelreview.com","industrial-engineering","industry-publication","B",false,"unknown","281","印度钢铁厂与起重装备。"
"src-282","Latin American Steel Association - Alacero","alacero.org","https://alacero.org","industrial-engineering","official-organization","A",false,"unknown","282","拉美钢铁协会。"
"src-283","Metal Center Journal","metalcenterjournal.com","https://metalcenterjournal.com","industrial-engineering","official-organization","A",false,"unknown","283","板材分切与电磁起重。"
"src-284","Pipe & Tube Lifting Tech","pipelifting.com","https://pipelifting.com","industrial-engineering","unknown","B",false,"unknown","284","钢管电磁吊装技术。"
"src-285","Beam & Structural Steel Lifting","steelframelifting.com","https://steelframelifting.com","industrial-engineering","unknown","B",false,"unknown","285","型钢与 H 型钢电磁吊。"
"src-286","Pig Iron Handling","pigironhandling.com","https://pigironhandling.com","industrial-engineering","unknown","B",false,"unknown","286","面包铁与生铁块电磁抓吊。"
"src-287","Skull Cracker Yard Magnets","skullcrackermagnets.com","https://skullcrackermagnets.com","industrial-engineering","unknown","B",false,"unknown","287","废钢砸枪场重型磁铁。"
"src-288","Smelting Shop Material Handling","smeltingshop.com","https://smeltingshop.com","industrial-engineering","unknown","B",false,"unknown","288","熔炼车间电磁加料。"
"src-289","Induction Furnace Magnetic Charging","furnacecharging.com","https://furnacecharging.com","industrial-engineering","unknown","B",false,"unknown","289","感应炉电磁加料机。"
"src-290","Continuous Casting Magnets","continuouscasting.com","https://continuouscasting.com","industrial-engineering","unknown","B",false,"unknown","290","连铸机电磁搅拌（EMS）与搬运。"
"src-291","Electromagnetic Stirrer Tech","emstirrer.com","https://emstirrer.com","industrial-engineering","unknown","B",false,"unknown","291","钢铁冶金电磁搅拌技术。"
"src-292","Slag Pot Magnet Separators","slagpotmagnets.com","https://slagpotmagnets.com","industrial-engineering","unknown","B",false,"unknown","292","钢渣罐废钢电磁回收。"
"src-293","Foundry Sand Iron Remover","foundryironremover.com","https://foundryironremover.com","industrial-engineering","unknown","B",false,"unknown","293","铸造厂旧砂除铁机。"
"src-294","Heavy Forging Lifting","heavyforginglifting.com","https://heavyforginglifting.com","industrial-engineering","unknown","B",false,"unknown","294","大型锻件电磁吊装。"
"src-295","Shipyard Steel Plate Magnets","shipyardmagnets.com","https://shipyardmagnets.com","industrial-engineering","unknown","B",false,"unknown","295","造船厂钢板电磁吊装。"
"src-296","World Cement","worldcement.com","https://worldcement.com","cement-aggregates","industry-publication","B",false,"unknown","296","全球水泥工业装备与皮带除铁技术。"
"src-297","Global Cement","globalcement.com","https://globalcement.com","cement-aggregates","unknown","B",false,"unknown","297","国际水泥生产、原辅料处理与剔铁网。"
"src-298","Cement Americas","cementamericas.com","https://cementamericas.com","cement-aggregates","unknown","B",false,"unknown","298","美洲水泥制造与破碎除铁报道。"
"src-299","Pit & Quarry","pitandquarry.com","https://pitandquarry.com","cement-aggregates","unknown","B",false,"unknown","299","北美采石场、砂石骨料加工与除铁。"
"src-300","Rock Products","rockproducts.com","https://rockproducts.com","cement-aggregates","unknown","B",false,"unknown","300","非金属矿与骨料开采选别新闻。"
"src-301","Aggregate Research","aggregateresearch.com","https://aggregateresearch.com","cement-aggregates","unknown","B",false,"unknown","301","骨料与建材矿山处理前沿。"
"src-302","Aggregates Business","aggbusiness.com","https://aggbusiness.com","cement-aggregates","unknown","B",false,"unknown","302","砂石骨料与矿山破碎除铁装备。"
"src-303","Quarrying Africa","quarryingafrica.com","https://quarryingafrica.com","cement-aggregates","unknown","B",false,"unknown","303","专为非洲砂石骨料场与采石场打造的新闻。"
"src-304","Quarry Magazine Australia","quarrymagazine.com.au","https://quarrymagazine.com.au","cement-aggregates","industry-publication","B",false,"unknown","304","澳洲采石场与磁选设备。"
"src-305","Concrete Products","concreteproducts.com","https://concreteproducts.com","cement-aggregates","unknown","B",false,"unknown","305","混凝土与骨料加工设备。"
"src-306","Cement & Concrete SA","ccsa.org.za","https://ccsa.org.za","cement-aggregates","unknown","B",false,"unknown","306","南非水泥与混凝土协会官方新闻。"
"src-307","ZKG International","zkg.de","https://zkg.de/en","cement-aggregates","unknown","B",false,"unknown","307","德国/欧洲水泥、石灰与石膏制造技术网。"
"src-308","Glass International","glass-international.com","https://glass-international.com","cement-aggregates","unknown","B",false,"unknown","308","玻璃制造（硅砂除铁）技术新闻。"
"src-309","Glass Worldwide","glassworldwide.co.uk","https://glassworldwide.co.uk","cement-aggregates","industry-publication","B",false,"unknown","309","玻璃原料提纯与高梯度磁选网。"
"src-310","International Cement Review - CemNet","cemnet.com","https://cemnet.com","cement-aggregates","industry-publication","B",false,"unknown","310","水泥厂防损坏设备资讯。"
"src-311","C&D Debris Recycling","cddebris.com","https://cddebris.com","cement-aggregates","unknown","B",false,"unknown","311","建筑废料碎石与钢筋分离。"
"src-312","Crusher Protection Magnets","crusherprotection.com","https://crusherprotection.com","cement-aggregates","unknown","B",false,"unknown","312","破碎机前置悬挂除铁器保护网。"
"src-313","Gypsum Processing Equipment","gypsumprocessing.com","https://gypsumprocessing.com","cement-aggregates","unknown","B",false,"unknown","313","石膏板与石膏矿除铁。"
"src-314","Silica Sand Iron Removal","silicasandiron.com","https://silicasandiron.com","cement-aggregates","unknown","B",false,"unknown","314","硅砂石英砂高梯度磁选提纯。"
"src-315","Clay & Kaolin Purification","kaolinpurification.com","https://kaolinpurification.com","cement-aggregates","unknown","B",false,"unknown","315","高岭土与陶瓷黏料超导磁选。"
"src-316","Feldspar Magnetic Separation","feldsparmagnets.com","https://feldsparmagnets.com","cement-aggregates","unknown","B",false,"unknown","316","长石矿干式/湿式磁选提纯。"
"src-317","Concrete Recycling Separators","concreterecycling.net","https://concreterecycling.net","cement-aggregates","unknown","B",false,"unknown","317","废旧混凝土再生骨料除铁。"
"src-318","Asphalt Recycling Steel Removal","asphaltrecycling.org","https://asphaltrecycling.org","cement-aggregates","unknown","B",false,"unknown","318","废旧沥青路面铣刨钢网磁选。"
"src-319","Brick & Tile Raw Material Cleaning","brickmaterials.com","https://brickmaterials.com","cement-aggregates","unknown","B",false,"unknown","319","砖瓦原料剔除铁杂质。"
"src-320","Refractory Materials Purification","refractorymaterials.org","https://refractorymaterials.org","cement-aggregates","unknown","B",false,"unknown","320","耐火材料高纯度磁选。"
"src-321","Slag Aggregate Iron Extractor","slagaggregate.com","https://slagaggregate.com","cement-aggregates","unknown","B",false,"unknown","321","钢渣骨料铁金属提取。"
"src-322","Mobile Crushing & Magnet Combo","mobilecrushing.com","https://mobilecrushing.com","cement-aggregates","unknown","B",false,"unknown","322","履带移动破碎站配套磁选机。"
"src-323","Portable Screening Magnets","portablescreening.com","https://portablescreening.com","cement-aggregates","unknown","B",false,"unknown","323","便携式筛分站除铁器。"
"src-324","Ball Mill Iron Tramp Removal","ballmilltramp.com","https://ballmilltramp.com","cement-aggregates","unknown","B",false,"unknown","324","球磨机进料口除铁保衬板。"
"src-325","Vertical Shaft Impactor (VSI) Protection","vsi-crusher.com","https://vsi-crusher.com","cement-aggregates","unknown","B",false,"unknown","325","冲击破除铁防护。"
"src-326","Jaw Crusher Iron Safety","jawcrusher.net","https://jawcrusher.net","cement-aggregates","unknown","B",false,"unknown","326","颚式破碎机过铁保护。"
"src-327","Cone Crusher Tramp Iron Release","conecrusher.org","https://conecrusher.org","cement-aggregates","unknown","B",false,"unknown","327","圆锥破除铁与过铁释放系统。"
"src-328","Limestone Mining Iron Extraction","limestonemining.com","https://limestonemining.com","cement-aggregates","unknown","B",false,"unknown","328","石灰石矿皮带机除铁。"
"src-329","Marble & Granite Slurry Magnets","marbleslurry.com","https://marbleslurry.com","cement-aggregates","unknown","B",false,"unknown","329","大理石花岗岩锯泥磁选。"
"src-330","Mineral Wool Iron Slag Recovery","mineralwoolslag.com","https://mineralwoolslag.com","cement-aggregates","unknown","B",false,"unknown","330","岩棉生产铁渣回收。"
"src-331","Expanded Clay Synthetic Aggregate","expandedclay.com","https://expandedclay.com","cement-aggregates","unknown","B",false,"unknown","331","陶粒生产原料除铁。"
"src-332","Clinker Cooler Tramp Iron","clinkercooler.com","https://clinkercooler.com","cement-aggregates","unknown","B",false,"unknown","332","水泥熟料冷却段除铁。"
"src-333","Raw Mill Feed Belt Magnets","rawmill.com","https://rawmill.com","cement-aggregates","unknown","B",false,"unknown","333","水泥生料磨进料皮带除铁。"
"src-334","Aggregate Quarry Safety","quarrysafety.com","https://quarrysafety.com","cement-aggregates","unknown","B",false,"unknown","334","采石场设备安全与铁件清理。"
"src-335","National Stone, Sand & Gravel Association - NSSGA","nssga.org","https://nssga.org","cement-aggregates","official-organization","A",false,"unknown","335","美国砂石协会。"
"src-336","European Aggregates Association - UEPG","uepg.eu","https://uepg.eu","cement-aggregates","official-organization","A",false,"unknown","336","欧洲骨料协会新闻。"
"src-337","Institute of Quarrying - IQ","quarrying.org","https://quarrying.org","cement-aggregates","official-organization","A",false,"unknown","337","国际采石学会。"
"src-338","Latin American Cement Federation - FICEM","ficem.org","https://ficem.org","cement-aggregates","unknown","B",false,"unknown","338","拉美水泥联合会。"
"src-339","ASEAN Federation of Cement Manufacturers","aseancement.org","https://aseancement.org","cement-aggregates","unknown","B",false,"unknown","339","东盟水泥制造联合会。"
"src-340","China Aggregates Association English","sand-stone.org.cn","https://sand-stone.org.cn","cement-aggregates","official-organization","A",false,"unknown","340","中国砂石协会英文网。"
"src-341","Capital Equipment News","cene.co.za","https://cene.co.za","industrial-engineering","industry-publication","B",false,"unknown","341","工业重型设备与物料搬运。"
"src-342","Mechanical Technology Magazine","mechtech.co.za","https://mechtech.co.za","industrial-engineering","industry-publication","B",false,"unknown","342","机械工程与工业装备期刊。"
"src-343","Plant Hire & Contractors","planthire.co.za","https://planthire.co.za","industrial-engineering","unknown","B",false,"unknown","343","重型设备租赁与工程机械运维。"
"src-344","Construction World SA","constructionworld.co.za","https://constructionworld.co.za","industrial-engineering","industry-publication","B",false,"unknown","344","建筑与重型机械权威网。"
"src-345","Plant Engineering","planteng.com","https://planteng.com","industrial-engineering","unknown","B",false,"unknown","345","工厂设备维护与磁选设备保养。"
"src-346","Maintenance Technology","maintenancetechnology.com","https://maintenancetechnology.com","industrial-engineering","industry-publication","B",false,"unknown","346","工业设备防磨损与除铁器维护。"
"src-347","Industrial Equipment News - IEN","ien.com","https://ien.com","industrial-engineering","industry-publication","B",false,"unknown","347","北美老牌工业设备发布网。"
"src-348","Modern Materials Handling - MMH","mmh.com","https://mmh.com","industrial-engineering","unknown","B",false,"unknown","348","工业搬运与起重自动化。"
"src-349","Material Handling & Logistics - MHL","mhlnews.com","https://mhlnews.com","industrial-engineering","unknown","B",false,"unknown","349","物料搬运与厂内起重搬运。"
"src-350","Equipment World","equipmentworld.com","https://equipmentworld.com","industrial-engineering","industry-publication","B",false,"unknown","350","重型机械与矿山/回收设备新闻。"
"src-351","Design World","designworldonline.com","https://designworldonline.com","industrial-engineering","industry-publication","B",false,"unknown","351","机械与电磁系统设计新闻。"
"src-352","Machine Design","machinedesign.com","https://machinedesign.com","industrial-engineering","unknown","B",false,"unknown","352","工业机械与电磁执行机构设计。"
"src-353","Engineering.com","engineering.com","https://engineering.com","industrial-engineering","unknown","B",false,"unknown","353","工程师技术交流与新装备报道。"
"src-354","Automation World","automationworld.com","https://automationworld.com","industrial-engineering","industry-publication","B",false,"unknown","354","工厂自动化与检测剥离设备。"
"src-355","Control Engineering","controleng.com","https://controleng.com","industrial-engineering","unknown","B",false,"unknown","355","电磁铁控制与除铁自动化。"
"src-356","ThomasNet News","thomasnet.com","https://thomasnet.com/news","industrial-engineering","industry-publication","B",false,"unknown","356","北美最大工业采购网的新闻中心。"
"src-357","DirectIndustry Trends","directindustry.com","https://directindustry.com","industrial-engineering","unknown","B",false,"unknown","357","欧洲顶级工业 B2B 产品的技术新闻。"
"src-358","GlobalSpec / Engineering360","globalspec.com","https://globalspec.com","industrial-engineering","unknown","B",false,"unknown","358","工业零部件与磁选装备技术新闻。"
"src-359","OEM Off-Highway","oemoffhighway.com","https://oemoffhighway.com","industrial-engineering","unknown","B",false,"unknown","359","非道路重机与电磁控制。"
"src-360","Heavy Equipment Guide","heavyequipmentguide.ca","https://heavyequipmentguide.ca","industrial-engineering","unknown","B",false,"unknown","360","加拿大重型设备新闻。"
"src-361","Industrial Maintenance & Plant Operation","ien.com","https://ien.com/impo","industrial-engineering","unknown","B",false,"unknown","361","工厂除铁器运维。"
"src-362","Efficient Plant","efficientplantmag.com","https://efficientplantmag.com","industrial-engineering","unknown","B",false,"unknown","362","工厂效率与异物剔除。"
"src-363","Machinery Technology Africa","machinetech.co.za","https://machinetech.co.za","industrial-engineering","industry-publication","B",false,"unknown","363","工业机械与磁力组件。"
"src-364","SA Engineer & Electrical Review","sae.co.za","https://sae.co.za","industrial-engineering","industry-publication","B",false,"unknown","364","电气工程与电磁铁控制。"
"src-365","SAIMechE","saimeche.org.za","https://saimeche.org.za","industrial-engineering","unknown","B",false,"unknown","365","南非机械工程学会官方新闻。"
"src-366","SAEEC","saeec.org.za","https://saeec.org.za","industrial-engineering","unknown","B",false,"unknown","366","南非电气工程理事会。"
"src-367","VDMA Machinery Industry News","vdma.org","https://vdma.org","industrial-engineering","industry-publication","B",false,"unknown","367","德国机械制造工业联合会。"
"src-368","VDMA Africa News","vdma.org","https://vdma.org/africa","industrial-engineering","industry-publication","B",false,"unknown","368","德国机械工业联合会非洲分会。"
"src-369","Japanese Society of Mechanical Engineers","jsme.or.jp","https://jsme.or.jp/en","industrial-engineering","official-organization","A",false,"unknown","369","日本机械工程学会。"
"src-370","Korean Society of Mechanical Engineers","ksme.or.kr","https://ksme.or.kr","industrial-engineering","official-organization","A",false,"unknown","370","韩国机械工程学会。"
"src-371","Heavy Machinery Digest","heavymachinerydigest.com","https://heavymachinerydigest.com","industrial-engineering","industry-publication","B",false,"unknown","371","重型机械文摘。"
"src-372","Industrial Automation Asia","iaasiaonline.com","https://iaasiaonline.com","industrial-engineering","unknown","B",false,"unknown","372","亚洲工业自动化与控制。"
"src-373","Plant Services","plantservices.com","https://plantservices.com","industrial-engineering","unknown","B",false,"unknown","373","工业设备可靠性与强磁组件防护。"
"src-374","Industrial Repair & Maintenance","industrialrepair.net","https://industrialrepair.net","industrial-engineering","unknown","B",false,"unknown","374","电磁铁线圈重卷与维修。"
"src-375","Permanent Magnet Couplings Journal","magnetcouplings.com","https://magnetcouplings.com","industrial-engineering","official-organization","A",false,"unknown","375","永磁传动与磁力耦合器。"
"src-376","Magnetic Clutches & Brakes","magneticbrakes.com","https://magneticbrakes.com","industrial-engineering","unknown","B",false,"unknown","376","工业电磁制动器与离合器。"
"src-377","Linear Electromagnetic Actuators","linearactuators.org","https://linearactuators.org","industrial-engineering","unknown","B",false,"unknown","377","工业电磁推杆与推力器。"
"src-378","Transformer & Rectifier Tech for Magnets","rectifiers-magnets.com","https://rectifiers-magnets.com","industrial-engineering","unknown","B",false,"unknown","378","起重电磁铁整流控制柜。"
"src-379","Overband Magnet Suspension Systems","suspensionmagnets.com","https://suspensionmagnets.com","industrial-engineering","unknown","B",false,"unknown","379","悬挂除铁器吊架与行走架。"
"src-380","Belt Cleaner & Magnet Alignment","beltcleaners.com","https://beltcleaners.com","industrial-engineering","unknown","B",false,"unknown","380","输送带清扫器与除铁器配合。"
"src-381","Heavy Duty Conveyor Components","conveyorcomponents.net","https://conveyorcomponents.net","industrial-engineering","unknown","B",false,"unknown","381","重型输送机辊筒与磁滚筒。"
"src-382","Explosion-Proof Electromagnets","ex-magnets.com","https://ex-magnets.com","industrial-engineering","unknown","B",false,"unknown","382","防爆电磁除铁器（煤矿/化工用）。"
"src-383","IP65/IP66 Waterproof Magnets","waterproofmagnets.com","https://waterproofmagnets.com","industrial-engineering","unknown","B",false,"unknown","383","户外防雨水电磁设备。"
"src-384","Self-Cleaning Magnet Belt Replacement","magnetbelts.com","https://magnetbelts.com","industrial-engineering","unknown","B",false,"unknown","384","自卸除铁器弃铁皮带。"
"src-385","Rare Earth Neodymium Price Index","neodymiumindex.com","https://neodymiumindex.com","industrial-engineering","unknown","B",false,"unknown","385","钕铁硼磁王原料价格指数。"
"src-386","Ferrite Magnet Production News","ferritemagnets.org","https://ferritemagnets.org","industrial-engineering","industry-publication","B",false,"unknown","386","铁氧体永磁材料与除铁器成本。"
"src-387","AlNiCo & SmCo Magnets Today","smcomagnets.com","https://smcomagnets.com","industrial-engineering","industry-publication","B",false,"unknown","387","钐钴与铝镍钴高温磁体。"
"src-388","Superconducting Magnetic Separation","superconductingmagnets.com","https://superconductingmagnets.com","industrial-engineering","unknown","B",false,"unknown","388","超导磁选机。"
"src-389","FEA Magnetic Circuit Simulation","feamagnetics.com","https://feamagnetics.com","industrial-engineering","unknown","B",false,"unknown","389","磁路有限元分析设计。"
"src-390","Gauss Meter & Hall Sensor Tech","gaussmeters.com","https://gaussmeters.com","industrial-engineering","unknown","B",false,"unknown","390","高斯计与磁场强度测试仪器。"
"src-391","Food Processing","foodprocessing.com","https://foodprocessing.com","food-grain","unknown","B",false,"unknown","391","食品加工在线食品级磁选机/金属剔除。"
"src-392","Food Manufacturing","foodmanufacturing.com","https://foodmanufacturing.com","food-grain","unknown","B",false,"unknown","392","食品厂磁性过滤器与异物控制。"
"src-393","Food & Beverage Reporter","fbr.co.za","https://fbr.co.za","food-grain","unknown","B",false,"unknown","393","食品与饮料制造（金属异物磁选检测）。"
"src-394","African Farming and Food Processing","africanfarming.com","https://africanfarming.com","food-grain","unknown","B",false,"unknown","394","泛非农产品加工装备。"
"src-395","Milling & Grain Africa","millingandgrain.africa","https://millingandgrain.africa","food-grain","unknown","B",false,"unknown","395","非洲面粉与饲料加工管道除铁器。"
"src-396","World Grain","world-grain.com","https://world-grain.com","food-grain","industry-publication","B",false,"unknown","396","粮食面粉厂防机械损坏除铁装备。"
"src-397","Feed & Grain","feedandgrain.com","https://feedandgrain.com","food-grain","unknown","B",false,"unknown","397","饲料机械与防杂质分离技术。"
"src-398","SA Fruit & Agro Processing","agroprocessing.co.za","https://agroprocessing.co.za","food-grain","unknown","B",false,"unknown","398","农产品提纯与金属杂质清除。"
"src-399","Food Processing Africa","foodprocessingafrica.com","https://foodprocessingafrica.com","food-grain","unknown","B",false,"unknown","399","食品工厂高洁净度磁选机。"
"src-400","Poultry & Feed SA","feedsa.co.za","https://feedsa.co.za","food-grain","unknown","B",false,"unknown","400","饲料厂原料除铁与机械防护。"
"src-401","Sugar Industry SA","sasa.org.za","https://sasa.org.za","food-grain","unknown","B",false,"unknown","401","蔗糖加工（蔗渣输送皮带除铁）。"
"src-402","Grain SA","grainsa.co.za","https://grainsa.co.za","food-grain","unknown","B",false,"unknown","402","粮食加工与管道防损坏除铁。"
"src-403","Chemical Engineering Online","chemengonline.com","https://chemengonline.com","chemicals-plastics","unknown","B",false,"unknown","403","化工粉体管道磁选。"
"src-404","Chemical Week","chemweek.com","https://chemweek.com","chemicals-plastics","unknown","B",false,"unknown","404","全球化工原料提纯与除铁。"
"src-405","Packaging Digest","packagingdigest.com","https://packagingdigest.com","food-grain","industry-publication","B",false,"unknown","405","包装线上的金属检测与分离。"
"src-406","Pharmaceutical Technology","pharmtech.com","https://pharmtech.com","chemicals-plastics","industry-publication","B",false,"unknown","406","制药粉体高洁净度磁选去除磁性微粒。"
"src-407","Plastics News","plasticsnews.com","https://plasticsnews.com","chemicals-plastics","industry-publication","B",false,"unknown","407","塑料注塑机前置磁力架与除铁。"
"src-408","Plastics Technology","ptonline.com","https://ptonline.com","chemicals-plastics","industry-publication","B",false,"unknown","408","塑料原料回收与除铁分选。"
"src-409","Biofuels Digest","biofuelsdigest.com","https://biofuelsdigest.com","food-grain","industry-publication","B",false,"unknown","409","生物质颗粒加工中的金属杂质剥离。"
"src-410","Timber Processing","timberprocessing.com","https://timberprocessing.com","food-grain","unknown","B",false,"unknown","410","木材加工与木屑回收除铁。"
"src-411","Woodworking Network","woodworkingnetwork.com","https://woodworkingnetwork.com","food-grain","unknown","B",false,"unknown","411","木制品及生物质碎木剔铁。"
"src-412","Pulp & Paper Canada","pulpandpapercanada.com","https://pulpandpapercanada.com","food-grain","unknown","B",false,"unknown","412","造纸浆料管道磁选网。"
"src-413","Paper360° - TAPPI","tappi.org","https://tappi.org","food-grain","unknown","B",false,"unknown","413","造纸工业杂质剔除与设备。"
"src-414","Nonwovens Industry","nonwovens-industry.com","https://nonwovens-industry.com","food-grain","unknown","B",false,"unknown","414","无纺布生产线金属杂质检测与磁选。"
"src-415","Textile World","textileworld.com","https://textileworld.com","food-grain","industry-publication","B",false,"unknown","415","纺织开松过程除铁与防火花。"
"src-416","Automotive News - Supply Chain","autonews.com","https://autonews.com","food-grain","industry-publication","B",false,"unknown","416","汽车废料回收与铸造线磁选。"
"src-417","Rubber World","rubberworld.com","https://rubberworld.com","chemicals-plastics","industry-publication","B",false,"unknown","417","橡胶密炼机进料除铁保护。"
"src-418","Tobacco Journal International","tobaccojournal.com","https://tobaccojournal.com","food-grain","official-organization","A",false,"unknown","418","烟草加工线磁选剔铁。"
"src-419","Coffee & Cocoa Processing","coffeeprocessing.com","https://coffeeprocessing.com","food-grain","unknown","B",false,"unknown","419","咖啡豆与可可豆烘焙前磁选。"
"src-420","Tea Processing Technology","teaprocessing.org","https://teaprocessing.org","food-grain","industry-publication","B",false,"unknown","420","茶叶加工金磁性异物去除。"
"src-421","Spices & Herb Cleaning","spicescleaning.com","https://spicescleaning.com","food-grain","unknown","B",false,"unknown","421","香料与中草药粉末磁选。"
"src-422","Starch & Glucose Processing","starchprocessing.com","https://starchprocessing.com","food-grain","unknown","B",false,"unknown","422","淀粉与糖浆管道磁性过滤器。"
"src-423","Edible Oil Refining Tech","edibleoilrefining.com","https://edibleoilrefining.com","food-grain","unknown","B",false,"unknown","423","食用油压榨与油渣磁选。"
"src-424","Pet Food Processing","petfoodprocessing.net","https://petfoodprocessing.net","food-grain","unknown","B",false,"unknown","424","宠物食品生产磁力栅格。"
"src-425","Recycling Plastics in Europe","eupc.org","https://eupc.org","chemicals-plastics","unknown","B",false,"unknown","425","欧洲塑料回收剔铁。"
"src-426","Pellets & Bioenergy","pelletheat.org","https://pelletheat.org","food-grain","unknown","B",false,"unknown","426","木屑颗粒机进料除铁机。"
"src-427","Sawmill Equipment Tech","sawmillequipment.com","https://sawmillequipment.com","food-grain","unknown","B",false,"unknown","427","锯木厂原木输送皮带除铁。"
"src-428","Paper Recycling Online","paperrecycling.org","https://paperrecycling.org","food-grain","unknown","B",false,"unknown","428","废纸造纸碎浆机前置除铁。"
"src-429","Cotton Ginning Technology","cottonginning.org","https://cottonginning.org","food-grain","industry-publication","B",false,"unknown","429","轧花厂棉花除铁防火灾。"
"src-430","Glass Cullet Processing","culletprocessing.com","https://culletprocessing.com","food-grain","unknown","B",false,"unknown","430","玻璃渣回收与铁杂质剥离。"
"src-431","Lithium Battery Material Processing","lithiummaterials.com","https://lithiummaterials.com","chemicals-plastics","unknown","B",false,"unknown","431","锂电池正极材料（NCM/LFP）除铁。"
"src-432","Graphite Powder Purification","graphitepurification.com","https://graphitepurification.com","chemicals-plastics","unknown","B",false,"unknown","432","石墨粉体高梯度磁选提纯。"
"src-433","Quartz Sand Acid Washing & Magnetic","quartzsand.org","https://quartzsand.org","food-grain","unknown","B",false,"unknown","433","石英砂酸洗与超强磁选。"
"src-434","Coal Water Slurry Tech","coalwaterslurry.com","https://coalwaterslurry.com","food-grain","unknown","B",false,"unknown","434","水煤浆管道磁性过滤。"
"src-435","Fertilizer Manufacturing News","fertilizermanufacturing.com","https://fertilizermanufacturing.com","food-grain","industry-publication","B",false,"unknown","435","化肥生产线物料除铁。"
"src-436","Potash Mining & Processing","potashprocessing.com","https://potashprocessing.com","food-grain","unknown","B",false,"unknown","436","钾盐矿开采与磁选。"
"src-437","Salt Industry Processing","saltprocessing.com","https://saltprocessing.com","food-grain","unknown","B",false,"unknown","437","食盐与工业盐除铁。"
"src-438","Silicon Powder Metal Removal","siliconpowder.com","https://siliconpowder.com","chemicals-plastics","unknown","B",false,"unknown","438","多晶硅与有机硅粉体除铁。"
"src-439","Carbon Black Processing","carbonblack.org","https://carbonblack.org","chemicals-plastics","unknown","B",false,"unknown","439","炭黑生产管道除铁器。"
"src-440","Catalyst Recovery Technology","catalystrecovery.com","https://catalystrecovery.com","chemicals-plastics","industry-publication","B",false,"unknown","440","化工催化剂磁性回收。"
"src-441","CNBC Africa - Industry","cnbcafrica.com","https://cnbcafrica.com","trade-show-association","unknown","B",false,"unknown","441","工业与制造业报道。"
"src-442","Business Day SA - Mining","businesslive.co.za","https://businesslive.co.za/bd","trade-show-association","unknown","B",false,"unknown","442","南非商业与重工业新闻。"
"src-443","Creamer Media Real Economy","creamermedia.co.za","https://creamermedia.co.za","trade-show-association","industry-publication","B",false,"unknown","443","工业与重设备全景。"
"src-444","Africa Outlook Magazine","africaoutlookmag.com","https://africaoutlookmag.com","trade-show-association","industry-publication","B",false,"unknown","444","非洲企业与工业供应链。"
"src-445","Enterprise Africa","enterprise-africa.net","https://enterprise-africa.net","trade-show-association","unknown","B",false,"unknown","445","非洲大型制造与采矿企业新闻。"
"src-446","CEO Magazine Africa","ceomagazine.co.za","https://ceomagazine.co.za","trade-show-association","industry-publication","B",false,"unknown","446","重工业与工业装备高管看点。"
"src-447","Bizcommunity SA - Energy & Mining","bizcommunity.com","https://bizcommunity.com","trade-show-association","unknown","B",false,"unknown","447","B2B 行业新闻集散地。"
"src-448","African Business Magazine","africanbusinessmagazine.com","https://africanbusinessmagazine.com","trade-show-association","industry-publication","B",false,"unknown","448","泛非商业与基础设施。"
"src-449","African Review of Business and Technology","africanreview.com","https://africanreview.com","trade-show-association","industry-publication","B",false,"unknown","449","采矿、建筑与重机。"
"src-450","Engineering News SA","engineeringnews.co.za","https://engineeringnews.co.za","trade-show-association","industry-publication","B",false,"unknown","450","全非洲阅读量最大的工程与重工业门户。"
"src-451","Electra Mining Africa News","electramining.co.za","https://electramining.co.za","trade-show-association","industry-publication","B",false,"unknown","451","非洲最大采矿/机械展官方新闻。"
"src-452","KZN Industrial Technology Exhibition","kznindustrial.co.za","https://kznindustrial.co.za","trade-show-association","official-organization","A",false,"unknown","452","工业技术展官方新闻。"
"src-453","Cape Industrial Exhibition","capeindustrial.co.za","https://capeindustrial.co.za","trade-show-association","official-organization","A",false,"unknown","453","工业展与装备发布。"
"src-454","IFAT Exhibition News","ifat.de","https://ifat.de","trade-show-association","official-organization","A",false,"unknown","454","慕尼黑环博会官方设备新闻。"
"src-455","Achema Pulse","achema.de","https://achema.de","trade-show-association","unknown","B",false,"unknown","455","阿赫玛化工与流体加工装备展新闻。"
"src-456","Bauma Exhibition News","bauma.de","https://bauma.de","trade-show-association","official-organization","A",false,"unknown","456","德国宝马展官方新闻。"
"src-457","Hannover Messe Industry News","hannovermesse.de","https://hannovermesse.de","trade-show-association","industry-publication","B",false,"unknown","457","汉诺威工业博览会官方新闻。"
"src-458","Canton Fair Heavy Machinery News","cantonfair.org.cn","https://cantonfair.org.cn","trade-show-association","industry-publication","B",false,"unknown","458","广交会重型机械板块新闻。"
"src-459","SME Annual Conference News","smeannualconference.org","https://smeannualconference.org","trade-show-association","official-organization","A",false,"unknown","459","美国 SME 采矿年会新闻。"
"src-460","CIM Convention News","convention.cim.org","https://convention.cim.org","trade-show-association","official-organization","A",false,"unknown","460","加拿大采矿大会新闻。"
"src-461","EuroBlech Metal Working","euroblech.com","https://euroblech.com","trade-show-association","unknown","B",false,"unknown","461","欧洲钣金与金属加工展。"
"src-462","CONEXPO-CON/AGG News","conexpoconagg.com","https://conexpoconagg.com","trade-show-association","official-organization","A",false,"unknown","462","北美最大工程机械与骨料展。"
"src-463","Hillhead Quarry Exhibition","hillhead.com","https://hillhead.com","trade-show-association","official-organization","A",false,"unknown","463","英国最大采石场与破碎除铁展。"
"src-464","POWTECH Powder Tech Expo","powtech.de","https://powtech.de","trade-show-association","official-organization","A",false,"unknown","464","德国纽伦堡粉体展官方新闻。"
"src-465","IPACK-IMA Processing & Packaging","ipackima.com","https://ipackima.com","trade-show-association","unknown","B",false,"unknown","465","意大利加工与包装剔杂展。"
"src-466","COMPAMED High-Tech","compamed-tradefair.com","https://compamed-tradefair.com","trade-show-association","unknown","B",false,"unknown","466","高精度磁性过滤技术展。"
"src-467","World Heavy Machinery Forum","heavyforum.com","https://heavyforum.com","trade-show-association","official-organization","A",false,"unknown","467","重型机械产业论坛。"
"src-468","Global Mining Guidelines Group","gmggroup.org","https://gmggroup.org","trade-show-association","unknown","B",false,"unknown","468","矿业装备标准组织。"
"src-469","International Heavy Equipment Expo","ihexpo.com","https://ihexpo.com","trade-show-association","official-organization","A",false,"unknown","469","重型设备展览会。"
"src-470","Plant Operations & Maintenance Expo","plantmaintenanceexpo.com","https://plantmaintenanceexpo.com","trade-show-association","official-organization","A",false,"unknown","470","工厂运维展。"
"src-471","Material Handling Education Foundation","mhefi.org","https://mhefi.org","trade-show-association","unknown","B",false,"unknown","471","物料搬运基金会新闻。"
"src-472","Equipment Manufacturers Association","aem.org","https://aem.org","trade-show-association","official-organization","A",false,"unknown","472","北美设备制造商协会（AEM）。"
"src-473","European Engineering Industries Association","orgalim.eu","https://orgalim.eu","trade-show-association","official-organization","A",false,"unknown","473","欧洲工程工业联合会。"
"src-474","Asian Engineering Council","asianengineering.org","https://asianengineering.org","trade-show-association","official-organization","A",false,"unknown","474","亚洲工程理事会。"
"src-475","Global B2B Industrial Trends","b2bindustrial.org","https://b2bindustrial.org","trade-show-association","unknown","B",false,"unknown","475","全球工业 B2B 趋势观察。"
"src-476","r/Mining","reddit.com","https://reddit.com/r/Mining","forum-community","forum-community","discovery-only",false,"unknown","476","全球采矿工程师与选厂操作员社区。"
"src-477","r/Recycling","reddit.com","https://reddit.com/r/recycling","forum-community","forum-community","discovery-only",false,"unknown","477","废料回收与分选技术讨论。"
"src-478","r/ScrapMetal","reddit.com","https://reddit.com/r/ScrapMetal","forum-community","forum-community","discovery-only",false,"unknown","478","废金属拆解、磁选与分选实操论坛。"
"src-479","r/MaterialsScience","reddit.com","https://reddit.com/r/MaterialsScience","forum-community","forum-community","discovery-only",false,"unknown","479","磁性材料与物理前沿讨论。"
"src-480","r/MechanicalEngineering","reddit.com","https://reddit.com/r/MechanicalEngineering","forum-community","forum-community","discovery-only",false,"unknown","480","机械结构与除铁设备设计。"
"src-481","r/SouthAfrica","reddit.com","https://reddit.com/r/southafrica","forum-community","forum-community","discovery-only",false,"unknown","481","南非本土社区（含 mining/engineering 话题）。"
"src-482","r/Africa","reddit.com","https://reddit.com/r/africa","forum-community","forum-community","discovery-only",false,"unknown","482","泛非话题讨论社区。"
"src-483","Eng-Tips Forum - Mining & Materials","eng-tips.com","https://eng-tips.com","forum-community","forum-community","discovery-only",false,"unknown","483","资深工程师技术答疑论坛。"
"src-484","Physics Forums - Magnetism","physicsforums.com","https://physicsforums.com","forum-community","forum-community","discovery-only",false,"unknown","484","电磁学与磁路计算讨论区。"
"src-485","Finishing.com","finishing.com","https://finishing.com","forum-community","forum-community","discovery-only",false,"unknown","485","金属表面处理与铁粉分离交流论坛。"
"src-486","Heavy Equipment Forums","heavyequipmentforums.com","https://heavyequipmentforums.com","forum-community","forum-community","discovery-only",false,"unknown","486","重型装备操作与维护论坛。"
"src-487","MyBroadband SA - Industrial Tech","mybroadband.co.za","https://mybroadband.co.za/vb","forum-community","forum-community","discovery-only",false,"unknown","487","工业与工程综合论坛。"
"src-488","4x4 Community Forum SA - Industrial","4x4community.co.za","https://4x4community.co.za/forum","forum-community","forum-community","discovery-only",false,"unknown","488","本土机械重装备讨论。"
"src-489","Mining Engineers Group","linkedin.com","https://linkedin.com","forum-community","forum-community","discovery-only",false,"unknown","489","LinkedIn 采矿工程师全球群组。"
"src-490","Heavy Equipment Machinery Group","facebook.com","https://facebook.com","forum-community","forum-community","discovery-only",false,"unknown","490","重型机械设备交流群。"
"src-491","Africa Mining Professionals Network","linkedin.com","https://linkedin.com","forum-community","forum-community","discovery-only",false,"unknown","491","非洲采矿专业人士网络。"
"src-492","Magnetic Separation Technologists","linkedin.com","https://linkedin.com","forum-community","forum-community","discovery-only",false,"unknown","492","磁选技术专家国际研讨群。"
"src-493","Bulk Materials Handling Group","linkedin.com","https://linkedin.com","forum-community","forum-community","discovery-only",false,"unknown","493","散料输送与除铁技术交流群。"
"src-494","Scrap Recycling Professionals","linkedin.com","https://linkedin.com","forum-community","forum-community","discovery-only",false,"unknown","494","全球废料回收与分选同行群。"
"src-495","Powder Processing Engineers","linkedin.com","https://linkedin.com","forum-community","forum-community","discovery-only",false,"unknown","495","粉体加工除铁技术研讨。"
"src-496","Crane & Lifting Equipment Network","linkedin.com","https://linkedin.com","forum-community","forum-community","discovery-only",false,"unknown","496","起重机与起重电磁铁从业者网。"
"src-497","Cement Industry Professionals","linkedin.com","https://linkedin.com","forum-community","forum-community","discovery-only",false,"unknown","497","全球水泥厂运维与除铁设备群。"
"src-498","Quarry & Aggregates Network","linkedin.com","https://linkedin.com","forum-community","forum-community","discovery-only",false,"unknown","498","采石场与骨料加工交流社区。"
"src-499","Food Safety Foreign Material Control","linkedin.com","https://linkedin.com","forum-community","forum-community","discovery-only",false,"unknown","499","食品异物控制与磁选防护群。"
"src-500","Metallurgical & Mineral Processing Group","linkedin.com","https://linkedin.com","forum-community","forum-community","discovery-only",false,"unknown","500","冶金与选矿工程师前沿交流。"
